==142812== NVPROF is profiling process 142812, command: ./example pcap/packet256new.pcap 1800
==142812== Some kernel(s) will be replayed on device 0 in order to collect all events/metrics.
==142812== Profiling application: ./example pcap/packet256new.pcap 1800
==142812== Profiling result:
==142812== Metric result:
"Device","Kernel","Invocations","Metric Name","Metric Description","Min","Max","Avg"
"Tesla K80 (0)","void IpScan_KernelAnalysis<IpScan_ipScanAnalysis_t, IpScan_ipScanAnalysis_t>(packet_t*, IpScan_ipScanAnalysis_t*, IpScan_ipScanAnalysis_t*, analysisState_t, char*, int*, int, int*, int*)",1,"l1_cache_global_hit_rate","L1 Global Hit Rate",0.000000%,0.000000%,0.000000%
"Tesla K80 (0)","void IpScan_KernelAnalysis<IpScan_ipScanAnalysis_t, IpScan_ipScanAnalysis_t>(packet_t*, IpScan_ipScanAnalysis_t*, IpScan_ipScanAnalysis_t*, analysisState_t, char*, int*, int, int*, int*)",1,"l1_cache_local_hit_rate","L1 Local Hit Rate",9.346093%,9.346093%,9.346093%
"Tesla K80 (0)","void IpScan_KernelAnalysis<IpScan_ipScanAnalysis_t, IpScan_ipScanAnalysis_t>(packet_t*, IpScan_ipScanAnalysis_t*, IpScan_ipScanAnalysis_t*, analysisState_t, char*, int*, int, int*, int*)",1,"sm_efficiency","Multiprocessor Activity",97.689274%,97.689274%,97.689274%
"Tesla K80 (0)","void IpScan_KernelAnalysis<IpScan_ipScanAnalysis_t, IpScan_ipScanAnalysis_t>(packet_t*, IpScan_ipScanAnalysis_t*, IpScan_ipScanAnalysis_t*, analysisState_t, char*, int*, int, int*, int*)",1,"ipc","Executed IPC",1.419438,1.419438,1.419438
"Tesla K80 (0)","void IpScan_KernelAnalysis<IpScan_ipScanAnalysis_t, IpScan_ipScanAnalysis_t>(packet_t*, IpScan_ipScanAnalysis_t*, IpScan_ipScanAnalysis_t*, analysisState_t, char*, int*, int, int*, int*)",1,"achieved_occupancy","Achieved Occupancy",0.499632,0.499632,0.499632
"Tesla K80 (0)","void IpScan_KernelAnalysis<IpScan_ipScanAnalysis_t, IpScan_ipScanAnalysis_t>(packet_t*, IpScan_ipScanAnalysis_t*, IpScan_ipScanAnalysis_t*, analysisState_t, char*, int*, int, int*, int*)",1,"gld_requested_throughput","Requested Global Load Throughput",356.545452MB/s,356.545452MB/s,356.545452MB/s
"Tesla K80 (0)","void IpScan_KernelAnalysis<IpScan_ipScanAnalysis_t, IpScan_ipScanAnalysis_t>(packet_t*, IpScan_ipScanAnalysis_t*, IpScan_ipScanAnalysis_t*, analysisState_t, char*, int*, int, int*, int*)",1,"gst_requested_throughput","Requested Global Store Throughput",10.553360MB/s,10.553360MB/s,10.553360MB/s
"Tesla K80 (0)","void IpScan_KernelAnalysis<IpScan_ipScanAnalysis_t, IpScan_ipScanAnalysis_t>(packet_t*, IpScan_ipScanAnalysis_t*, IpScan_ipScanAnalysis_t*, analysisState_t, char*, int*, int, int*, int*)",1,"sm_efficiency_instance","Multiprocessor Activity",97.689274%,97.689274%,97.689274%
"Tesla K80 (0)","void IpScan_KernelAnalysis<IpScan_ipScanAnalysis_t, IpScan_ipScanAnalysis_t>(packet_t*, IpScan_ipScanAnalysis_t*, IpScan_ipScanAnalysis_t*, analysisState_t, char*, int*, int, int*, int*)",1,"ipc_instance","Executed IPC",1.419438,1.419438,1.419438
"Tesla K80 (0)","void IpScan_KernelAnalysis<IpScan_ipScanAnalysis_t, IpScan_ipScanAnalysis_t>(packet_t*, IpScan_ipScanAnalysis_t*, IpScan_ipScanAnalysis_t*, analysisState_t, char*, int*, int, int*, int*)",1,"inst_replay_overhead","Instruction Replay Overhead",0.093802,0.093802,0.093802
"Tesla K80 (0)","void IpScan_KernelAnalysis<IpScan_ipScanAnalysis_t, IpScan_ipScanAnalysis_t>(packet_t*, IpScan_ipScanAnalysis_t*, IpScan_ipScanAnalysis_t*, analysisState_t, char*, int*, int, int*, int*)",1,"shared_replay_overhead","Shared Memory Replay Overhead",0.045270,0.045270,0.045270
"Tesla K80 (0)","void IpScan_KernelAnalysis<IpScan_ipScanAnalysis_t, IpScan_ipScanAnalysis_t>(packet_t*, IpScan_ipScanAnalysis_t*, IpScan_ipScanAnalysis_t*, analysisState_t, char*, int*, int, int*, int*)",1,"global_replay_overhead","Global Memory Replay Overhead",0.000497,0.000497,0.000497
"Tesla K80 (0)","void IpScan_KernelAnalysis<IpScan_ipScanAnalysis_t, IpScan_ipScanAnalysis_t>(packet_t*, IpScan_ipScanAnalysis_t*, IpScan_ipScanAnalysis_t*, analysisState_t, char*, int*, int, int*, int*)",1,"global_cache_replay_overhead","Global Memory Cache Replay Overhead",0.000000,0.000000,0.000000
"Tesla K80 (0)","void IpScan_KernelAnalysis<IpScan_ipScanAnalysis_t, IpScan_ipScanAnalysis_t>(packet_t*, IpScan_ipScanAnalysis_t*, IpScan_ipScanAnalysis_t*, analysisState_t, char*, int*, int, int*, int*)",1,"tex_cache_hit_rate","Texture Cache Hit Rate",0.000000%,0.000000%,0.000000%
"Tesla K80 (0)","void IpScan_KernelAnalysis<IpScan_ipScanAnalysis_t, IpScan_ipScanAnalysis_t>(packet_t*, IpScan_ipScanAnalysis_t*, IpScan_ipScanAnalysis_t*, analysisState_t, char*, int*, int, int*, int*)",1,"tex_cache_throughput","Texture Cache Throughput",0.000000B/s,0.000000B/s,0.000000B/s
"Tesla K80 (0)","void IpScan_KernelAnalysis<IpScan_ipScanAnalysis_t, IpScan_ipScanAnalysis_t>(packet_t*, IpScan_ipScanAnalysis_t*, IpScan_ipScanAnalysis_t*, analysisState_t, char*, int*, int, int*, int*)",1,"dram_read_throughput","Device Memory Read Throughput",57.273640MB/s,57.273640MB/s,57.273640MB/s
"Tesla K80 (0)","void IpScan_KernelAnalysis<IpScan_ipScanAnalysis_t, IpScan_ipScanAnalysis_t>(packet_t*, IpScan_ipScanAnalysis_t*, IpScan_ipScanAnalysis_t*, analysisState_t, char*, int*, int, int*, int*)",1,"dram_write_throughput","Device Memory Write Throughput",49.430845MB/s,49.430845MB/s,49.430845MB/s
"Tesla K80 (0)","void IpScan_KernelAnalysis<IpScan_ipScanAnalysis_t, IpScan_ipScanAnalysis_t>(packet_t*, IpScan_ipScanAnalysis_t*, IpScan_ipScanAnalysis_t*, analysisState_t, char*, int*, int, int*, int*)",1,"gst_throughput","Global Store Throughput",72.487752MB/s,72.487752MB/s,72.487752MB/s
"Tesla K80 (0)","void IpScan_KernelAnalysis<IpScan_ipScanAnalysis_t, IpScan_ipScanAnalysis_t>(packet_t*, IpScan_ipScanAnalysis_t*, IpScan_ipScanAnalysis_t*, analysisState_t, char*, int*, int, int*, int*)",1,"gld_throughput","Global Load Throughput",1.973040GB/s,1.973040GB/s,1.973040GB/s
"Tesla K80 (0)","void IpScan_KernelAnalysis<IpScan_ipScanAnalysis_t, IpScan_ipScanAnalysis_t>(packet_t*, IpScan_ipScanAnalysis_t*, IpScan_ipScanAnalysis_t*, analysisState_t, char*, int*, int, int*, int*)",1,"local_replay_overhead","Local Memory Cache Replay Overhead",0.000004,0.000004,0.000004
"Tesla K80 (0)","void IpScan_KernelAnalysis<IpScan_ipScanAnalysis_t, IpScan_ipScanAnalysis_t>(packet_t*, IpScan_ipScanAnalysis_t*, IpScan_ipScanAnalysis_t*, analysisState_t, char*, int*, int, int*, int*)",1,"shared_efficiency","Shared Memory Efficiency",5.290576%,5.290576%,5.290576%
"Tesla K80 (0)","void IpScan_KernelAnalysis<IpScan_ipScanAnalysis_t, IpScan_ipScanAnalysis_t>(packet_t*, IpScan_ipScanAnalysis_t*, IpScan_ipScanAnalysis_t*, analysisState_t, char*, int*, int, int*, int*)",1,"gld_efficiency","Global Memory Load Efficiency",17.647331%,17.647331%,17.647331%
"Tesla K80 (0)","void IpScan_KernelAnalysis<IpScan_ipScanAnalysis_t, IpScan_ipScanAnalysis_t>(packet_t*, IpScan_ipScanAnalysis_t*, IpScan_ipScanAnalysis_t*, analysisState_t, char*, int*, int, int*, int*)",1,"gst_efficiency","Global Memory Store Efficiency",14.558818%,14.558818%,14.558818%
"Tesla K80 (0)","void IpScan_KernelAnalysis<IpScan_ipScanAnalysis_t, IpScan_ipScanAnalysis_t>(packet_t*, IpScan_ipScanAnalysis_t*, IpScan_ipScanAnalysis_t*, analysisState_t, char*, int*, int, int*, int*)",1,"l2_l1_read_hit_rate","L2 Hit Rate (L1 Reads)",98.640984%,98.640984%,98.640984%
"Tesla K80 (0)","void IpScan_KernelAnalysis<IpScan_ipScanAnalysis_t, IpScan_ipScanAnalysis_t>(packet_t*, IpScan_ipScanAnalysis_t*, IpScan_ipScanAnalysis_t*, analysisState_t, char*, int*, int, int*, int*)",1,"l2_texture_read_hit_rate","L2 Hit Rate (Texture Reads)",0.000000%,0.000000%,0.000000%
"Tesla K80 (0)","void IpScan_KernelAnalysis<IpScan_ipScanAnalysis_t, IpScan_ipScanAnalysis_t>(packet_t*, IpScan_ipScanAnalysis_t*, IpScan_ipScanAnalysis_t*, analysisState_t, char*, int*, int, int*, int*)",1,"l2_l1_read_throughput","L2 Throughput (L1 Reads)",1.981912GB/s,1.981912GB/s,1.981912GB/s
"Tesla K80 (0)","void IpScan_KernelAnalysis<IpScan_ipScanAnalysis_t, IpScan_ipScanAnalysis_t>(packet_t*, IpScan_ipScanAnalysis_t*, IpScan_ipScanAnalysis_t*, analysisState_t, char*, int*, int, int*, int*)",1,"l2_texture_read_throughput","L2 Throughput (Texture Reads)",0.000000B/s,0.000000B/s,0.000000B/s
"Tesla K80 (0)","void IpScan_KernelAnalysis<IpScan_ipScanAnalysis_t, IpScan_ipScanAnalysis_t>(packet_t*, IpScan_ipScanAnalysis_t*, IpScan_ipScanAnalysis_t*, analysisState_t, char*, int*, int, int*, int*)",1,"local_memory_overhead","Local Memory Overhead",0.856812%,0.856812%,0.856812%
"Tesla K80 (0)","void IpScan_KernelAnalysis<IpScan_ipScanAnalysis_t, IpScan_ipScanAnalysis_t>(packet_t*, IpScan_ipScanAnalysis_t*, IpScan_ipScanAnalysis_t*, analysisState_t, char*, int*, int, int*, int*)",1,"warp_execution_efficiency","Warp Execution Efficiency",70.619697%,70.619697%,70.619697%
"Tesla K80 (0)","void IpScan_KernelAnalysis<IpScan_ipScanAnalysis_t, IpScan_ipScanAnalysis_t>(packet_t*, IpScan_ipScanAnalysis_t*, IpScan_ipScanAnalysis_t*, analysisState_t, char*, int*, int, int*, int*)",1,"nc_gld_requested_throughput","Requested Non-Coherent Global Load Throughput",0.000000B/s,0.000000B/s,0.000000B/s
"Tesla K80 (0)","void IpScan_KernelAnalysis<IpScan_ipScanAnalysis_t, IpScan_ipScanAnalysis_t>(packet_t*, IpScan_ipScanAnalysis_t*, IpScan_ipScanAnalysis_t*, analysisState_t, char*, int*, int, int*, int*)",1,"issued_ipc","Issued IPC",1.553392,1.553392,1.553392
"Tesla K80 (0)","void IpScan_KernelAnalysis<IpScan_ipScanAnalysis_t, IpScan_ipScanAnalysis_t>(packet_t*, IpScan_ipScanAnalysis_t*, IpScan_ipScanAnalysis_t*, analysisState_t, char*, int*, int, int*, int*)",1,"inst_per_warp","Instructions per warp",1108023.452885,1108023.452885,1108023.452885
"Tesla K80 (0)","void IpScan_KernelAnalysis<IpScan_ipScanAnalysis_t, IpScan_ipScanAnalysis_t>(packet_t*, IpScan_ipScanAnalysis_t*, IpScan_ipScanAnalysis_t*, analysisState_t, char*, int*, int, int*, int*)",1,"issue_slot_utilization","Issue Slot Utilization",28.778700%,28.778700%,28.778700%
"Tesla K80 (0)","void IpScan_KernelAnalysis<IpScan_ipScanAnalysis_t, IpScan_ipScanAnalysis_t>(packet_t*, IpScan_ipScanAnalysis_t*, IpScan_ipScanAnalysis_t*, analysisState_t, char*, int*, int, int*, int*)",1,"local_load_transactions_per_request","Local Memory Load Transactions Per Request",1.005021,1.005021,1.005021
"Tesla K80 (0)","void IpScan_KernelAnalysis<IpScan_ipScanAnalysis_t, IpScan_ipScanAnalysis_t>(packet_t*, IpScan_ipScanAnalysis_t*, IpScan_ipScanAnalysis_t*, analysisState_t, char*, int*, int, int*, int*)",1,"local_store_transactions_per_request","Local Memory Store Transactions Per Request",1.000113,1.000113,1.000113
"Tesla K80 (0)","void IpScan_KernelAnalysis<IpScan_ipScanAnalysis_t, IpScan_ipScanAnalysis_t>(packet_t*, IpScan_ipScanAnalysis_t*, IpScan_ipScanAnalysis_t*, analysisState_t, char*, int*, int, int*, int*)",1,"shared_load_transactions_per_request","Shared Memory Load Transactions Per Request",1.660067,1.660067,1.660067
"Tesla K80 (0)","void IpScan_KernelAnalysis<IpScan_ipScanAnalysis_t, IpScan_ipScanAnalysis_t>(packet_t*, IpScan_ipScanAnalysis_t*, IpScan_ipScanAnalysis_t*, analysisState_t, char*, int*, int, int*, int*)",1,"shared_store_transactions_per_request","Shared Memory Store Transactions Per Request",1.982456,1.982456,1.982456
"Tesla K80 (0)","void IpScan_KernelAnalysis<IpScan_ipScanAnalysis_t, IpScan_ipScanAnalysis_t>(packet_t*, IpScan_ipScanAnalysis_t*, IpScan_ipScanAnalysis_t*, analysisState_t, char*, int*, int, int*, int*)",1,"gld_transactions_per_request","Global Load Transactions Per Request",1.053571,1.053571,1.053571
"Tesla K80 (0)","void IpScan_KernelAnalysis<IpScan_ipScanAnalysis_t, IpScan_ipScanAnalysis_t>(packet_t*, IpScan_ipScanAnalysis_t*, IpScan_ipScanAnalysis_t*, analysisState_t, char*, int*, int, int*, int*)",1,"gst_transactions_per_request","Global Store Transactions Per Request",18.432144,18.432144,18.432144
"Tesla K80 (0)","void IpScan_KernelAnalysis<IpScan_ipScanAnalysis_t, IpScan_ipScanAnalysis_t>(packet_t*, IpScan_ipScanAnalysis_t*, IpScan_ipScanAnalysis_t*, analysisState_t, char*, int*, int, int*, int*)",1,"local_load_transactions","Local Load Transactions",9407,9407,9407
"Tesla K80 (0)","void IpScan_KernelAnalysis<IpScan_ipScanAnalysis_t, IpScan_ipScanAnalysis_t>(packet_t*, IpScan_ipScanAnalysis_t*, IpScan_ipScanAnalysis_t*, analysisState_t, char*, int*, int, int*, int*)",1,"local_store_transactions","Local Store Transactions",8841,8841,8841
"Tesla K80 (0)","void IpScan_KernelAnalysis<IpScan_ipScanAnalysis_t, IpScan_ipScanAnalysis_t>(packet_t*, IpScan_ipScanAnalysis_t*, IpScan_ipScanAnalysis_t*, analysisState_t, char*, int*, int, int*, int*)",1,"shared_load_transactions","Shared Load Transactions",262322470,262322470,262322470
"Tesla K80 (0)","void IpScan_KernelAnalysis<IpScan_ipScanAnalysis_t, IpScan_ipScanAnalysis_t>(packet_t*, IpScan_ipScanAnalysis_t*, IpScan_ipScanAnalysis_t*, analysisState_t, char*, int*, int, int*, int*)",1,"shared_store_transactions","Shared Store Transactions",58760,58760,58760
"Tesla K80 (0)","void IpScan_KernelAnalysis<IpScan_ipScanAnalysis_t, IpScan_ipScanAnalysis_t>(packet_t*, IpScan_ipScanAnalysis_t*, IpScan_ipScanAnalysis_t*, analysisState_t, char*, int*, int, int*, int*)",1,"gld_transactions","Global Load Transactions",14993533,14993533,14993533
"Tesla K80 (0)","void IpScan_KernelAnalysis<IpScan_ipScanAnalysis_t, IpScan_ipScanAnalysis_t>(packet_t*, IpScan_ipScanAnalysis_t*, IpScan_ipScanAnalysis_t*, analysisState_t, char*, int*, int, int*, int*)",1,"gst_transactions","Global Store Transactions",501170,501170,501170
"Tesla K80 (0)","void IpScan_KernelAnalysis<IpScan_ipScanAnalysis_t, IpScan_ipScanAnalysis_t>(packet_t*, IpScan_ipScanAnalysis_t*, IpScan_ipScanAnalysis_t*, analysisState_t, char*, int*, int, int*, int*)",1,"sysmem_read_transactions","System Memory Read Transactions",699,699,699
"Tesla K80 (0)","void IpScan_KernelAnalysis<IpScan_ipScanAnalysis_t, IpScan_ipScanAnalysis_t>(packet_t*, IpScan_ipScanAnalysis_t*, IpScan_ipScanAnalysis_t*, analysisState_t, char*, int*, int, int*, int*)",1,"sysmem_write_transactions","System Memory Write Transactions",58838,58838,58838
"Tesla K80 (0)","void IpScan_KernelAnalysis<IpScan_ipScanAnalysis_t, IpScan_ipScanAnalysis_t>(packet_t*, IpScan_ipScanAnalysis_t*, IpScan_ipScanAnalysis_t*, analysisState_t, char*, int*, int, int*, int*)",1,"tex_cache_transactions","Texture Cache Transactions",0,0,0
"Tesla K80 (0)","void IpScan_KernelAnalysis<IpScan_ipScanAnalysis_t, IpScan_ipScanAnalysis_t>(packet_t*, IpScan_ipScanAnalysis_t*, IpScan_ipScanAnalysis_t*, analysisState_t, char*, int*, int, int*, int*)",1,"dram_read_transactions","Device Memory Read Transactions",429056,429056,429056
"Tesla K80 (0)","void IpScan_KernelAnalysis<IpScan_ipScanAnalysis_t, IpScan_ipScanAnalysis_t>(packet_t*, IpScan_ipScanAnalysis_t*, IpScan_ipScanAnalysis_t*, analysisState_t, char*, int*, int, int*, int*)",1,"dram_write_transactions","Device Memory Write Transactions",370303,370303,370303
"Tesla K80 (0)","void IpScan_KernelAnalysis<IpScan_ipScanAnalysis_t, IpScan_ipScanAnalysis_t>(packet_t*, IpScan_ipScanAnalysis_t*, IpScan_ipScanAnalysis_t*, analysisState_t, char*, int*, int, int*, int*)",1,"l2_read_transactions","L2 Read Transactions",15215722,15215722,15215722
"Tesla K80 (0)","void IpScan_KernelAnalysis<IpScan_ipScanAnalysis_t, IpScan_ipScanAnalysis_t>(packet_t*, IpScan_ipScanAnalysis_t*, IpScan_ipScanAnalysis_t*, analysisState_t, char*, int*, int, int*, int*)",1,"l2_write_transactions","L2 Write Transactions",825127,825127,825127
"Tesla K80 (0)","void IpScan_KernelAnalysis<IpScan_ipScanAnalysis_t, IpScan_ipScanAnalysis_t>(packet_t*, IpScan_ipScanAnalysis_t*, IpScan_ipScanAnalysis_t*, analysisState_t, char*, int*, int, int*, int*)",1,"local_load_throughput","Local Memory Load Throughput",4.997774MB/s,4.997774MB/s,4.997774MB/s
"Tesla K80 (0)","void IpScan_KernelAnalysis<IpScan_ipScanAnalysis_t, IpScan_ipScanAnalysis_t>(packet_t*, IpScan_ipScanAnalysis_t*, IpScan_ipScanAnalysis_t*, analysisState_t, char*, int*, int, int*, int*)",1,"local_store_throughput","Local Memory Store Throughput",2.360060MB/s,2.360060MB/s,2.360060MB/s
"Tesla K80 (0)","void IpScan_KernelAnalysis<IpScan_ipScanAnalysis_t, IpScan_ipScanAnalysis_t>(packet_t*, IpScan_ipScanAnalysis_t*, IpScan_ipScanAnalysis_t*, analysisState_t, char*, int*, int, int*, int*)",1,"shared_load_throughput","Shared Memory Load Throughput",273.568654GB/s,273.568654GB/s,273.568654GB/s
"Tesla K80 (0)","void IpScan_KernelAnalysis<IpScan_ipScanAnalysis_t, IpScan_ipScanAnalysis_t>(packet_t*, IpScan_ipScanAnalysis_t*, IpScan_ipScanAnalysis_t*, analysisState_t, char*, int*, int, int*, int*)",1,"shared_store_throughput","Shared Memory Store Throughput",62.749834MB/s,62.749834MB/s,62.749834MB/s
"Tesla K80 (0)","void IpScan_KernelAnalysis<IpScan_ipScanAnalysis_t, IpScan_ipScanAnalysis_t>(packet_t*, IpScan_ipScanAnalysis_t*, IpScan_ipScanAnalysis_t*, analysisState_t, char*, int*, int, int*, int*)",1,"l2_read_throughput","L2 Throughput (Reads)",1.983506GB/s,1.983506GB/s,1.983506GB/s
"Tesla K80 (0)","void IpScan_KernelAnalysis<IpScan_ipScanAnalysis_t, IpScan_ipScanAnalysis_t>(packet_t*, IpScan_ipScanAnalysis_t*, IpScan_ipScanAnalysis_t*, analysisState_t, char*, int*, int, int*, int*)",1,"l2_write_throughput","L2 Throughput (Writes)",110.144194MB/s,110.144194MB/s,110.144194MB/s
"Tesla K80 (0)","void IpScan_KernelAnalysis<IpScan_ipScanAnalysis_t, IpScan_ipScanAnalysis_t>(packet_t*, IpScan_ipScanAnalysis_t*, IpScan_ipScanAnalysis_t*, analysisState_t, char*, int*, int, int*, int*)",1,"sysmem_read_throughput","System Memory Read Throughput",95.546875KB/s,95.546875KB/s,95.546875KB/s
"Tesla K80 (0)","void IpScan_KernelAnalysis<IpScan_ipScanAnalysis_t, IpScan_ipScanAnalysis_t>(packet_t*, IpScan_ipScanAnalysis_t*, IpScan_ipScanAnalysis_t*, analysisState_t, char*, int*, int, int*, int*)",1,"sysmem_write_throughput","System Memory Write Throughput",7.854141MB/s,7.854141MB/s,7.854141MB/s
"Tesla K80 (0)","void IpScan_KernelAnalysis<IpScan_ipScanAnalysis_t, IpScan_ipScanAnalysis_t>(packet_t*, IpScan_ipScanAnalysis_t*, IpScan_ipScanAnalysis_t*, analysisState_t, char*, int*, int, int*, int*)",1,"warp_nonpred_execution_efficiency","Warp Non-Predicated Execution Efficiency",65.590418%,65.590418%,65.590418%
"Tesla K80 (0)","void IpScan_KernelAnalysis<IpScan_ipScanAnalysis_t, IpScan_ipScanAnalysis_t>(packet_t*, IpScan_ipScanAnalysis_t*, IpScan_ipScanAnalysis_t*, analysisState_t, char*, int*, int, int*, int*)",1,"cf_issued","Issued Control-Flow Instructions",335197239,335197239,335197239
"Tesla K80 (0)","void IpScan_KernelAnalysis<IpScan_ipScanAnalysis_t, IpScan_ipScanAnalysis_t>(packet_t*, IpScan_ipScanAnalysis_t*, IpScan_ipScanAnalysis_t*, analysisState_t, char*, int*, int, int*, int*)",1,"cf_executed","Executed Control-Flow Instructions",335190452,335190452,335190452
"Tesla K80 (0)","void IpScan_KernelAnalysis<IpScan_ipScanAnalysis_t, IpScan_ipScanAnalysis_t>(packet_t*, IpScan_ipScanAnalysis_t*, IpScan_ipScanAnalysis_t*, analysisState_t, char*, int*, int, int*, int*)",1,"ldst_issued","Issued Load/Store Instructions",283607010,283607010,283607010
"Tesla K80 (0)","void IpScan_KernelAnalysis<IpScan_ipScanAnalysis_t, IpScan_ipScanAnalysis_t>(packet_t*, IpScan_ipScanAnalysis_t*, IpScan_ipScanAnalysis_t*, analysisState_t, char*, int*, int, int*, int*)",1,"ldst_executed","Executed Load/Store Instructions",172421400,172421400,172421400
"Tesla K80 (0)","void IpScan_KernelAnalysis<IpScan_ipScanAnalysis_t, IpScan_ipScanAnalysis_t>(packet_t*, IpScan_ipScanAnalysis_t*, IpScan_ipScanAnalysis_t*, analysisState_t, char*, int*, int, int*, int*)",1,"flop_count_sp","Floating Point Operations(Single Precision)",0,0,0
"Tesla K80 (0)","void IpScan_KernelAnalysis<IpScan_ipScanAnalysis_t, IpScan_ipScanAnalysis_t>(packet_t*, IpScan_ipScanAnalysis_t*, IpScan_ipScanAnalysis_t*, analysisState_t, char*, int*, int, int*, int*)",1,"flop_count_sp_add","Floating Point Operations(Single Precision Add)",0,0,0
"Tesla K80 (0)","void IpScan_KernelAnalysis<IpScan_ipScanAnalysis_t, IpScan_ipScanAnalysis_t>(packet_t*, IpScan_ipScanAnalysis_t*, IpScan_ipScanAnalysis_t*, analysisState_t, char*, int*, int, int*, int*)",1,"flop_count_sp_mul","Floating Point Operation(Single Precision Mul)",0,0,0
"Tesla K80 (0)","void IpScan_KernelAnalysis<IpScan_ipScanAnalysis_t, IpScan_ipScanAnalysis_t>(packet_t*, IpScan_ipScanAnalysis_t*, IpScan_ipScanAnalysis_t*, analysisState_t, char*, int*, int, int*, int*)",1,"flop_count_sp_fma","Floating Point Operations(Single Precision FMA)",0,0,0
"Tesla K80 (0)","void IpScan_KernelAnalysis<IpScan_ipScanAnalysis_t, IpScan_ipScanAnalysis_t>(packet_t*, IpScan_ipScanAnalysis_t*, IpScan_ipScanAnalysis_t*, analysisState_t, char*, int*, int, int*, int*)",1,"flop_count_dp","Floating Point Operations(Double Precision)",0,0,0
"Tesla K80 (0)","void IpScan_KernelAnalysis<IpScan_ipScanAnalysis_t, IpScan_ipScanAnalysis_t>(packet_t*, IpScan_ipScanAnalysis_t*, IpScan_ipScanAnalysis_t*, analysisState_t, char*, int*, int, int*, int*)",1,"flop_count_dp_add","Floating Point Operations(Double Precision Add)",0,0,0
"Tesla K80 (0)","void IpScan_KernelAnalysis<IpScan_ipScanAnalysis_t, IpScan_ipScanAnalysis_t>(packet_t*, IpScan_ipScanAnalysis_t*, IpScan_ipScanAnalysis_t*, analysisState_t, char*, int*, int, int*, int*)",1,"flop_count_dp_mul","Floating Point Operations(Double Precision Mul)",0,0,0
"Tesla K80 (0)","void IpScan_KernelAnalysis<IpScan_ipScanAnalysis_t, IpScan_ipScanAnalysis_t>(packet_t*, IpScan_ipScanAnalysis_t*, IpScan_ipScanAnalysis_t*, analysisState_t, char*, int*, int, int*, int*)",1,"flop_count_dp_fma","Floating Point Operations(Double Precison FMA)",0,0,0
"Tesla K80 (0)","void IpScan_KernelAnalysis<IpScan_ipScanAnalysis_t, IpScan_ipScanAnalysis_t>(packet_t*, IpScan_ipScanAnalysis_t*, IpScan_ipScanAnalysis_t*, analysisState_t, char*, int*, int, int*, int*)",1,"flop_count_sp_special","Floating Point Operations(Single Precision Special)",0,0,0
"Tesla K80 (0)","void IpScan_KernelAnalysis<IpScan_ipScanAnalysis_t, IpScan_ipScanAnalysis_t>(packet_t*, IpScan_ipScanAnalysis_t*, IpScan_ipScanAnalysis_t*, analysisState_t, char*, int*, int, int*, int*)",1,"stall_inst_fetch","Issue Stall Reasons (Instructions Fetch)",6.612887%,6.612887%,6.612887%
"Tesla K80 (0)","void IpScan_KernelAnalysis<IpScan_ipScanAnalysis_t, IpScan_ipScanAnalysis_t>(packet_t*, IpScan_ipScanAnalysis_t*, IpScan_ipScanAnalysis_t*, analysisState_t, char*, int*, int, int*, int*)",1,"stall_exec_dependency","Issue Stall Reasons (Execution Dependency)",37.582735%,37.582735%,37.582735%
"Tesla K80 (0)","void IpScan_KernelAnalysis<IpScan_ipScanAnalysis_t, IpScan_ipScanAnalysis_t>(packet_t*, IpScan_ipScanAnalysis_t*, IpScan_ipScanAnalysis_t*, analysisState_t, char*, int*, int, int*, int*)",1,"stall_memory_dependency","Issue Stall Reasons (Data Request)",2.968329%,2.968329%,2.968329%
"Tesla K80 (0)","void IpScan_KernelAnalysis<IpScan_ipScanAnalysis_t, IpScan_ipScanAnalysis_t>(packet_t*, IpScan_ipScanAnalysis_t*, IpScan_ipScanAnalysis_t*, analysisState_t, char*, int*, int, int*, int*)",1,"stall_texture","Issue Stall Reasons (Texture)",0.000000%,0.000000%,0.000000%
"Tesla K80 (0)","void IpScan_KernelAnalysis<IpScan_ipScanAnalysis_t, IpScan_ipScanAnalysis_t>(packet_t*, IpScan_ipScanAnalysis_t*, IpScan_ipScanAnalysis_t*, analysisState_t, char*, int*, int, int*, int*)",1,"stall_sync","Issue Stall Reasons (Synchronization)",44.482753%,44.482753%,44.482753%
"Tesla K80 (0)","void IpScan_KernelAnalysis<IpScan_ipScanAnalysis_t, IpScan_ipScanAnalysis_t>(packet_t*, IpScan_ipScanAnalysis_t*, IpScan_ipScanAnalysis_t*, analysisState_t, char*, int*, int, int*, int*)",1,"stall_other","Issue Stall Reasons (Other)",1.186543%,1.186543%,1.186543%
"Tesla K80 (0)","void IpScan_KernelAnalysis<IpScan_ipScanAnalysis_t, IpScan_ipScanAnalysis_t>(packet_t*, IpScan_ipScanAnalysis_t*, IpScan_ipScanAnalysis_t*, analysisState_t, char*, int*, int, int*, int*)",1,"l1_shared_utilization","L1/Shared Memory Utilization","Low (2)","Low (2)","Low (2)"
"Tesla K80 (0)","void IpScan_KernelAnalysis<IpScan_ipScanAnalysis_t, IpScan_ipScanAnalysis_t>(packet_t*, IpScan_ipScanAnalysis_t*, IpScan_ipScanAnalysis_t*, analysisState_t, char*, int*, int, int*, int*)",1,"l2_utilization","L2 Cache Utilization","Low (1)","Low (1)","Low (1)"
"Tesla K80 (0)","void IpScan_KernelAnalysis<IpScan_ipScanAnalysis_t, IpScan_ipScanAnalysis_t>(packet_t*, IpScan_ipScanAnalysis_t*, IpScan_ipScanAnalysis_t*, analysisState_t, char*, int*, int, int*, int*)",1,"tex_utilization","Texture Cache Utilization","Idle (0)","Idle (0)","Idle (0)"
"Tesla K80 (0)","void IpScan_KernelAnalysis<IpScan_ipScanAnalysis_t, IpScan_ipScanAnalysis_t>(packet_t*, IpScan_ipScanAnalysis_t*, IpScan_ipScanAnalysis_t*, analysisState_t, char*, int*, int, int*, int*)",1,"dram_utilization","Device Memory Utilization","Low (1)","Low (1)","Low (1)"
"Tesla K80 (0)","void IpScan_KernelAnalysis<IpScan_ipScanAnalysis_t, IpScan_ipScanAnalysis_t>(packet_t*, IpScan_ipScanAnalysis_t*, IpScan_ipScanAnalysis_t*, analysisState_t, char*, int*, int, int*, int*)",1,"sysmem_utilization","System Memory Utilization","Low (1)","Low (1)","Low (1)"
"Tesla K80 (0)","void IpScan_KernelAnalysis<IpScan_ipScanAnalysis_t, IpScan_ipScanAnalysis_t>(packet_t*, IpScan_ipScanAnalysis_t*, IpScan_ipScanAnalysis_t*, analysisState_t, char*, int*, int, int*, int*)",1,"ldst_fu_utilization","Load/Store Function Unit Utilization","Low (2)","Low (2)","Low (2)"
"Tesla K80 (0)","void IpScan_KernelAnalysis<IpScan_ipScanAnalysis_t, IpScan_ipScanAnalysis_t>(packet_t*, IpScan_ipScanAnalysis_t*, IpScan_ipScanAnalysis_t*, analysisState_t, char*, int*, int, int*, int*)",1,"alu_fu_utilization","Arithmetic Function Unit Utilization","Mid (5)","Mid (5)","Mid (5)"
"Tesla K80 (0)","void IpScan_KernelAnalysis<IpScan_ipScanAnalysis_t, IpScan_ipScanAnalysis_t>(packet_t*, IpScan_ipScanAnalysis_t*, IpScan_ipScanAnalysis_t*, analysisState_t, char*, int*, int, int*, int*)",1,"cf_fu_utilization","Control-Flow Function Unit Utilization","Low (1)","Low (1)","Low (1)"
"Tesla K80 (0)","void IpScan_KernelAnalysis<IpScan_ipScanAnalysis_t, IpScan_ipScanAnalysis_t>(packet_t*, IpScan_ipScanAnalysis_t*, IpScan_ipScanAnalysis_t*, analysisState_t, char*, int*, int, int*, int*)",1,"tex_fu_utilization","Texture Function Unit Utilization","Idle (0)","Idle (0)","Idle (0)"
"Tesla K80 (0)","void IpScan_KernelAnalysis<IpScan_ipScanAnalysis_t, IpScan_ipScanAnalysis_t>(packet_t*, IpScan_ipScanAnalysis_t*, IpScan_ipScanAnalysis_t*, analysisState_t, char*, int*, int, int*, int*)",1,"inst_executed","Instructions Executed",2304688782,2304688782,2304688782
"Tesla K80 (0)","void IpScan_KernelAnalysis<IpScan_ipScanAnalysis_t, IpScan_ipScanAnalysis_t>(packet_t*, IpScan_ipScanAnalysis_t*, IpScan_ipScanAnalysis_t*, analysisState_t, char*, int*, int, int*, int*)",1,"inst_issued","Instructions Issued",2520874211,2520874211,2520874211
"Tesla K80 (0)","void IpScan_KernelAnalysis<IpScan_ipScanAnalysis_t, IpScan_ipScanAnalysis_t>(packet_t*, IpScan_ipScanAnalysis_t*, IpScan_ipScanAnalysis_t*, analysisState_t, char*, int*, int, int*, int*)",1,"issue_slots","Issue Slots",1868105497,1868105497,1868105497
"Tesla K80 (0)","void IpScan_KernelAnalysis<IpScan_ipScanAnalysis_t, IpScan_ipScanAnalysis_t>(packet_t*, IpScan_ipScanAnalysis_t*, IpScan_ipScanAnalysis_t*, analysisState_t, char*, int*, int, int*, int*)",1,"nc_l2_read_throughput","L2 Throughput (Non-Coherent Reads)",0.000000B/s,0.000000B/s,0.000000B/s
"Tesla K80 (0)","void IpScan_KernelAnalysis<IpScan_ipScanAnalysis_t, IpScan_ipScanAnalysis_t>(packet_t*, IpScan_ipScanAnalysis_t*, IpScan_ipScanAnalysis_t*, analysisState_t, char*, int*, int, int*, int*)",1,"nc_l2_read_transactions","L2 Non-Coherent Read Transactions",0,0,0
"Tesla K80 (0)","void IpScan_KernelAnalysis<IpScan_ipScanAnalysis_t, IpScan_ipScanAnalysis_t>(packet_t*, IpScan_ipScanAnalysis_t*, IpScan_ipScanAnalysis_t*, analysisState_t, char*, int*, int, int*, int*)",1,"nc_cache_global_hit_rate","Non-Coherent Global Hit Rate",0.000000%,0.000000%,0.000000%
"Tesla K80 (0)","void IpScan_KernelAnalysis<IpScan_ipScanAnalysis_t, IpScan_ipScanAnalysis_t>(packet_t*, IpScan_ipScanAnalysis_t*, IpScan_ipScanAnalysis_t*, analysisState_t, char*, int*, int, int*, int*)",1,"nc_gld_throughput","Non-Coherent Global Memory Load Throughput",0.000000B/s,0.000000B/s,0.000000B/s
"Tesla K80 (0)","void IpScan_KernelAnalysis<IpScan_ipScanAnalysis_t, IpScan_ipScanAnalysis_t>(packet_t*, IpScan_ipScanAnalysis_t*, IpScan_ipScanAnalysis_t*, analysisState_t, char*, int*, int, int*, int*)",1,"nc_gld_efficiency","Non-Coherent Global Load Efficiency",0.000000%,0.000000%,0.000000%
"Tesla K80 (0)","void IpScan_KernelAnalysis<IpScan_ipScanAnalysis_t, IpScan_ipScanAnalysis_t>(packet_t*, IpScan_ipScanAnalysis_t*, IpScan_ipScanAnalysis_t*, analysisState_t, char*, int*, int, int*, int*)",1,"l2_atomic_throughput","L2 Throughput (Atomic requests)",160.611328KB/s,160.611328KB/s,160.611328KB/s
"Tesla K80 (0)","void IpScan_KernelAnalysis<IpScan_ipScanAnalysis_t, IpScan_ipScanAnalysis_t>(packet_t*, IpScan_ipScanAnalysis_t*, IpScan_ipScanAnalysis_t*, analysisState_t, char*, int*, int, int*, int*)",1,"inst_fp_32","FP Instructions(Single)",0,0,0
"Tesla K80 (0)","void IpScan_KernelAnalysis<IpScan_ipScanAnalysis_t, IpScan_ipScanAnalysis_t>(packet_t*, IpScan_ipScanAnalysis_t*, IpScan_ipScanAnalysis_t*, analysisState_t, char*, int*, int, int*, int*)",1,"inst_fp_64","FP Instructions(Double)",0,0,0
"Tesla K80 (0)","void IpScan_KernelAnalysis<IpScan_ipScanAnalysis_t, IpScan_ipScanAnalysis_t>(packet_t*, IpScan_ipScanAnalysis_t*, IpScan_ipScanAnalysis_t*, analysisState_t, char*, int*, int, int*, int*)",1,"inst_integer","Integer Instructions",36488402410,36488402410,36488402410
"Tesla K80 (0)","void IpScan_KernelAnalysis<IpScan_ipScanAnalysis_t, IpScan_ipScanAnalysis_t>(packet_t*, IpScan_ipScanAnalysis_t*, IpScan_ipScanAnalysis_t*, analysisState_t, char*, int*, int, int*, int*)",1,"inst_bit_convert","Bit-Convert Instructions",69510,69510,69510
"Tesla K80 (0)","void IpScan_KernelAnalysis<IpScan_ipScanAnalysis_t, IpScan_ipScanAnalysis_t>(packet_t*, IpScan_ipScanAnalysis_t*, IpScan_ipScanAnalysis_t*, analysisState_t, char*, int*, int, int*, int*)",1,"inst_control","Control-Flow Instructions",3643009810,3643009810,3643009810
"Tesla K80 (0)","void IpScan_KernelAnalysis<IpScan_ipScanAnalysis_t, IpScan_ipScanAnalysis_t>(packet_t*, IpScan_ipScanAnalysis_t*, IpScan_ipScanAnalysis_t*, analysisState_t, char*, int*, int, int*, int*)",1,"inst_compute_ld_st","Load/Store Instructions",3936194440,3936194440,3936194440
"Tesla K80 (0)","void IpScan_KernelAnalysis<IpScan_ipScanAnalysis_t, IpScan_ipScanAnalysis_t>(packet_t*, IpScan_ipScanAnalysis_t*, IpScan_ipScanAnalysis_t*, analysisState_t, char*, int*, int, int*, int*)",1,"inst_misc","Misc Instructions",4154810520,4154810520,4154810520
"Tesla K80 (0)","void IpScan_KernelAnalysis<IpScan_ipScanAnalysis_t, IpScan_ipScanAnalysis_t>(packet_t*, IpScan_ipScanAnalysis_t*, IpScan_ipScanAnalysis_t*, analysisState_t, char*, int*, int, int*, int*)",1,"inst_inter_thread_communication","Inter-Thread Instructions",0,0,0
"Tesla K80 (0)","void IpScan_KernelAnalysis<IpScan_ipScanAnalysis_t, IpScan_ipScanAnalysis_t>(packet_t*, IpScan_ipScanAnalysis_t*, IpScan_ipScanAnalysis_t*, analysisState_t, char*, int*, int, int*, int*)",1,"atomic_replay_overhead","Atomic Replay Overhead",0.000000,0.000000,0.000000
"Tesla K80 (0)","void IpScan_KernelAnalysis<IpScan_ipScanAnalysis_t, IpScan_ipScanAnalysis_t>(packet_t*, IpScan_ipScanAnalysis_t*, IpScan_ipScanAnalysis_t*, analysisState_t, char*, int*, int, int*, int*)",1,"atomic_transactions","Atomic Transactions",1180,1180,1180
"Tesla K80 (0)","void IpScan_KernelAnalysis<IpScan_ipScanAnalysis_t, IpScan_ipScanAnalysis_t>(packet_t*, IpScan_ipScanAnalysis_t*, IpScan_ipScanAnalysis_t*, analysisState_t, char*, int*, int, int*, int*)",1,"atomic_transactions_per_request","Atomic Transactions Per Request",1.005111,1.005111,1.005111
"Tesla K80 (0)","void IpScan_KernelAnalysis<IpScan_ipScanAnalysis_t, IpScan_ipScanAnalysis_t>(packet_t*, IpScan_ipScanAnalysis_t*, IpScan_ipScanAnalysis_t*, analysisState_t, char*, int*, int, int*, int*)",1,"l2_l1_read_transactions","L2 Read Transactions (L1 read requests)",15203495,15203495,15203495
"Tesla K80 (0)","void IpScan_KernelAnalysis<IpScan_ipScanAnalysis_t, IpScan_ipScanAnalysis_t>(packet_t*, IpScan_ipScanAnalysis_t*, IpScan_ipScanAnalysis_t*, analysisState_t, char*, int*, int, int*, int*)",1,"l2_l1_write_transactions","L2 Write Transactions (L1 write requests)",610471,610471,610471
"Tesla K80 (0)","void IpScan_KernelAnalysis<IpScan_ipScanAnalysis_t, IpScan_ipScanAnalysis_t>(packet_t*, IpScan_ipScanAnalysis_t*, IpScan_ipScanAnalysis_t*, analysisState_t, char*, int*, int, int*, int*)",1,"l2_tex_read_transactions","L2 Transactions (Texture Reads)",0,0,0
"Tesla K80 (0)","void IpScan_KernelAnalysis<IpScan_ipScanAnalysis_t, IpScan_ipScanAnalysis_t>(packet_t*, IpScan_ipScanAnalysis_t*, IpScan_ipScanAnalysis_t*, analysisState_t, char*, int*, int, int*, int*)",1,"l2_l1_write_throughput","L2 Throughput (L1 Writes)",81.490287MB/s,81.490287MB/s,81.490287MB/s
"Tesla K80 (0)","void IpScan_KernelAnalysis<IpScan_ipScanAnalysis_t, IpScan_ipScanAnalysis_t>(packet_t*, IpScan_ipScanAnalysis_t*, IpScan_ipScanAnalysis_t*, analysisState_t, char*, int*, int, int*, int*)",1,"l2_atomic_transactions","L2 Transactions (Atomic requests)",2350,2350,2350
"Tesla K80 (0)","void IpScan_KernelAnalysis<IpScan_ipScanAnalysis_t, IpScan_ipScanAnalysis_t>(packet_t*, IpScan_ipScanAnalysis_t*, IpScan_ipScanAnalysis_t*, analysisState_t, char*, int*, int, int*, int*)",1,"ecc_transactions","ECC Transactions",274942,274942,274942
"Tesla K80 (0)","void IpScan_KernelAnalysis<IpScan_ipScanAnalysis_t, IpScan_ipScanAnalysis_t>(packet_t*, IpScan_ipScanAnalysis_t*, IpScan_ipScanAnalysis_t*, analysisState_t, char*, int*, int, int*, int*)",1,"ecc_throughput","ECC Throughput",36.701338MB/s,36.701338MB/s,36.701338MB/s
"Tesla K80 (0)","void IpScan_KernelAnalysis<IpScan_ipScanAnalysis_t, IpScan_ipScanAnalysis_t>(packet_t*, IpScan_ipScanAnalysis_t*, IpScan_ipScanAnalysis_t*, analysisState_t, char*, int*, int, int*, int*)",1,"stall_pipe_busy","Issue Stall Reasons (Pipe Busy)",1.507300%,1.507300%,1.507300%
"Tesla K80 (0)","void IpScan_KernelAnalysis<IpScan_ipScanAnalysis_t, IpScan_ipScanAnalysis_t>(packet_t*, IpScan_ipScanAnalysis_t*, IpScan_ipScanAnalysis_t*, analysisState_t, char*, int*, int, int*, int*)",1,"stall_constant_memory_dependency","Issue Stall Reasons (Immediate constant)",0.000302%,0.000302%,0.000302%
"Tesla K80 (0)","void IpScan_KernelAnalysis<IpScan_ipScanAnalysis_t, IpScan_ipScanAnalysis_t>(packet_t*, IpScan_ipScanAnalysis_t*, IpScan_ipScanAnalysis_t*, analysisState_t, char*, int*, int, int*, int*)",1,"flop_sp_efficiency","FLOP Efficiency(Peak Single)",0.000000%,0.000000%,0.000000%
"Tesla K80 (0)","void IpScan_KernelAnalysis<IpScan_ipScanAnalysis_t, IpScan_ipScanAnalysis_t>(packet_t*, IpScan_ipScanAnalysis_t*, IpScan_ipScanAnalysis_t*, analysisState_t, char*, int*, int, int*, int*)",1,"flop_dp_efficiency","FLOP Efficiency(Peak Double)",0.000000%,0.000000%,0.000000%
"Tesla K80 (0)","void IpScan_KernelAnalysis<IpScan_ipScanAnalysis_t, IpScan_ipScanAnalysis_t>(packet_t*, IpScan_ipScanAnalysis_t*, IpScan_ipScanAnalysis_t*, analysisState_t, char*, int*, int, int*, int*)",1,"stall_memory_throttle","Issue Stall Reasons (Memory Throttle)",4.949377%,4.949377%,4.949377%
"Tesla K80 (0)","void IpScan_KernelAnalysis<IpScan_ipScanAnalysis_t, IpScan_ipScanAnalysis_t>(packet_t*, IpScan_ipScanAnalysis_t*, IpScan_ipScanAnalysis_t*, analysisState_t, char*, int*, int, int*, int*)",1,"stall_not_selected","Issue Stall Reasons (Not Selected)",0.709774%,0.709774%,0.709774%
"Tesla K80 (0)","void IpScan_KernelAnalysis<IpScan_ipScanAnalysis_t, IpScan_ipScanAnalysis_t>(packet_t*, IpScan_ipScanAnalysis_t*, IpScan_ipScanAnalysis_t*, analysisState_t, char*, int*, int, int*, int*)",1,"eligible_warps_per_cycle","Eligible Warps Per Active Cycle",1.369191,1.369191,1.369191
"Tesla K80 (0)","void IpScan_KernelAnalysis<IpScan_ipScanAnalysis_t, IpScan_ipScanAnalysis_t>(packet_t*, IpScan_ipScanAnalysis_t*, IpScan_ipScanAnalysis_t*, analysisState_t, char*, int*, int, int*, int*)",1,"atomic_throughput","Atomic Throughput",645.182617KB/s,645.182617KB/s,645.182617KB/s
