==121389== NVPROF is profiling process 121389, command: ./example pcap/packet256new.pcap 1800
==121389== Some kernel(s) will be replayed on device 0 in order to collect all events/metrics.
==121389== Profiling application: ./example pcap/packet256new.pcap 1800
==121389== Profiling result:
==121389== Metric result:
"Device","Kernel","Invocations","Metric Name","Metric Description","Min","Max","Avg"
"Tesla K80 (0)","void IpScan_KernelAnalysis<IpScan_ipScanAnalysis_t, IpScan_ipScanAnalysis_t>(packet_t*, IpScan_ipScanAnalysis_t*, IpScan_ipScanAnalysis_t*, analysisState_t, int*, int*, int*)",1,"l1_cache_global_hit_rate","L1 Global Hit Rate",0.000000%,0.000000%,0.000000%
"Tesla K80 (0)","void IpScan_KernelAnalysis<IpScan_ipScanAnalysis_t, IpScan_ipScanAnalysis_t>(packet_t*, IpScan_ipScanAnalysis_t*, IpScan_ipScanAnalysis_t*, analysisState_t, int*, int*, int*)",1,"l1_cache_local_hit_rate","L1 Local Hit Rate",0.000000%,0.000000%,0.000000%
"Tesla K80 (0)","void IpScan_KernelAnalysis<IpScan_ipScanAnalysis_t, IpScan_ipScanAnalysis_t>(packet_t*, IpScan_ipScanAnalysis_t*, IpScan_ipScanAnalysis_t*, analysisState_t, int*, int*, int*)",1,"sm_efficiency","Multiprocessor Activity",92.008612%,92.008612%,92.008612%
"Tesla K80 (0)","void IpScan_KernelAnalysis<IpScan_ipScanAnalysis_t, IpScan_ipScanAnalysis_t>(packet_t*, IpScan_ipScanAnalysis_t*, IpScan_ipScanAnalysis_t*, analysisState_t, int*, int*, int*)",1,"ipc","Executed IPC",0.050515,0.050515,0.050515
"Tesla K80 (0)","void IpScan_KernelAnalysis<IpScan_ipScanAnalysis_t, IpScan_ipScanAnalysis_t>(packet_t*, IpScan_ipScanAnalysis_t*, IpScan_ipScanAnalysis_t*, analysisState_t, int*, int*, int*)",1,"achieved_occupancy","Achieved Occupancy",0.490258,0.490258,0.490258
"Tesla K80 (0)","void IpScan_KernelAnalysis<IpScan_ipScanAnalysis_t, IpScan_ipScanAnalysis_t>(packet_t*, IpScan_ipScanAnalysis_t*, IpScan_ipScanAnalysis_t*, analysisState_t, int*, int*, int*)",1,"gld_requested_throughput","Requested Global Load Throughput",1.376766GB/s,1.376766GB/s,1.376766GB/s
"Tesla K80 (0)","void IpScan_KernelAnalysis<IpScan_ipScanAnalysis_t, IpScan_ipScanAnalysis_t>(packet_t*, IpScan_ipScanAnalysis_t*, IpScan_ipScanAnalysis_t*, analysisState_t, int*, int*, int*)",1,"gst_requested_throughput","Requested Global Store Throughput",6.490390GB/s,6.490390GB/s,6.490390GB/s
"Tesla K80 (0)","void IpScan_KernelAnalysis<IpScan_ipScanAnalysis_t, IpScan_ipScanAnalysis_t>(packet_t*, IpScan_ipScanAnalysis_t*, IpScan_ipScanAnalysis_t*, analysisState_t, int*, int*, int*)",1,"sm_efficiency_instance","Multiprocessor Activity",92.008612%,92.008612%,92.008612%
"Tesla K80 (0)","void IpScan_KernelAnalysis<IpScan_ipScanAnalysis_t, IpScan_ipScanAnalysis_t>(packet_t*, IpScan_ipScanAnalysis_t*, IpScan_ipScanAnalysis_t*, analysisState_t, int*, int*, int*)",1,"ipc_instance","Executed IPC",0.050515,0.050515,0.050515
"Tesla K80 (0)","void IpScan_KernelAnalysis<IpScan_ipScanAnalysis_t, IpScan_ipScanAnalysis_t>(packet_t*, IpScan_ipScanAnalysis_t*, IpScan_ipScanAnalysis_t*, analysisState_t, int*, int*, int*)",1,"inst_replay_overhead","Instruction Replay Overhead",13.213882,13.213882,13.213882
"Tesla K80 (0)","void IpScan_KernelAnalysis<IpScan_ipScanAnalysis_t, IpScan_ipScanAnalysis_t>(packet_t*, IpScan_ipScanAnalysis_t*, IpScan_ipScanAnalysis_t*, analysisState_t, int*, int*, int*)",1,"shared_replay_overhead","Shared Memory Replay Overhead",0.015798,0.015798,0.015798
"Tesla K80 (0)","void IpScan_KernelAnalysis<IpScan_ipScanAnalysis_t, IpScan_ipScanAnalysis_t>(packet_t*, IpScan_ipScanAnalysis_t*, IpScan_ipScanAnalysis_t*, analysisState_t, int*, int*, int*)",1,"global_replay_overhead","Global Memory Replay Overhead",3.365022,3.365022,3.365022
"Tesla K80 (0)","void IpScan_KernelAnalysis<IpScan_ipScanAnalysis_t, IpScan_ipScanAnalysis_t>(packet_t*, IpScan_ipScanAnalysis_t*, IpScan_ipScanAnalysis_t*, analysisState_t, int*, int*, int*)",1,"global_cache_replay_overhead","Global Memory Cache Replay Overhead",0.000000,0.000000,0.000000
"Tesla K80 (0)","void IpScan_KernelAnalysis<IpScan_ipScanAnalysis_t, IpScan_ipScanAnalysis_t>(packet_t*, IpScan_ipScanAnalysis_t*, IpScan_ipScanAnalysis_t*, analysisState_t, int*, int*, int*)",1,"tex_cache_hit_rate","Texture Cache Hit Rate",0.000000%,0.000000%,0.000000%
"Tesla K80 (0)","void IpScan_KernelAnalysis<IpScan_ipScanAnalysis_t, IpScan_ipScanAnalysis_t>(packet_t*, IpScan_ipScanAnalysis_t*, IpScan_ipScanAnalysis_t*, analysisState_t, int*, int*, int*)",1,"tex_cache_throughput","Texture Cache Throughput",0.000000B/s,0.000000B/s,0.000000B/s
"Tesla K80 (0)","void IpScan_KernelAnalysis<IpScan_ipScanAnalysis_t, IpScan_ipScanAnalysis_t>(packet_t*, IpScan_ipScanAnalysis_t*, IpScan_ipScanAnalysis_t*, analysisState_t, int*, int*, int*)",1,"dram_read_throughput","Device Memory Read Throughput",39.113905GB/s,39.113905GB/s,39.113905GB/s
"Tesla K80 (0)","void IpScan_KernelAnalysis<IpScan_ipScanAnalysis_t, IpScan_ipScanAnalysis_t>(packet_t*, IpScan_ipScanAnalysis_t*, IpScan_ipScanAnalysis_t*, analysisState_t, int*, int*, int*)",1,"dram_write_throughput","Device Memory Write Throughput",58.039346GB/s,58.039346GB/s,58.039346GB/s
"Tesla K80 (0)","void IpScan_KernelAnalysis<IpScan_ipScanAnalysis_t, IpScan_ipScanAnalysis_t>(packet_t*, IpScan_ipScanAnalysis_t*, IpScan_ipScanAnalysis_t*, analysisState_t, int*, int*, int*)",1,"gst_throughput","Global Store Throughput",49.451443GB/s,49.451443GB/s,49.451443GB/s
"Tesla K80 (0)","void IpScan_KernelAnalysis<IpScan_ipScanAnalysis_t, IpScan_ipScanAnalysis_t>(packet_t*, IpScan_ipScanAnalysis_t*, IpScan_ipScanAnalysis_t*, analysisState_t, int*, int*, int*)",1,"gld_throughput","Global Load Throughput",5.613271GB/s,5.613271GB/s,5.613271GB/s
"Tesla K80 (0)","void IpScan_KernelAnalysis<IpScan_ipScanAnalysis_t, IpScan_ipScanAnalysis_t>(packet_t*, IpScan_ipScanAnalysis_t*, IpScan_ipScanAnalysis_t*, analysisState_t, int*, int*, int*)",1,"local_replay_overhead","Local Memory Cache Replay Overhead",0.000000,0.000000,0.000000
"Tesla K80 (0)","void IpScan_KernelAnalysis<IpScan_ipScanAnalysis_t, IpScan_ipScanAnalysis_t>(packet_t*, IpScan_ipScanAnalysis_t*, IpScan_ipScanAnalysis_t*, analysisState_t, int*, int*, int*)",1,"shared_efficiency","Shared Memory Efficiency",32.484966%,32.484966%,32.484966%
"Tesla K80 (0)","void IpScan_KernelAnalysis<IpScan_ipScanAnalysis_t, IpScan_ipScanAnalysis_t>(packet_t*, IpScan_ipScanAnalysis_t*, IpScan_ipScanAnalysis_t*, analysisState_t, int*, int*, int*)",1,"gld_efficiency","Global Memory Load Efficiency",24.526991%,24.526991%,24.526991%
"Tesla K80 (0)","void IpScan_KernelAnalysis<IpScan_ipScanAnalysis_t, IpScan_ipScanAnalysis_t>(packet_t*, IpScan_ipScanAnalysis_t*, IpScan_ipScanAnalysis_t*, analysisState_t, int*, int*, int*)",1,"gst_efficiency","Global Memory Store Efficiency",13.124775%,13.124775%,13.124775%
"Tesla K80 (0)","void IpScan_KernelAnalysis<IpScan_ipScanAnalysis_t, IpScan_ipScanAnalysis_t>(packet_t*, IpScan_ipScanAnalysis_t*, IpScan_ipScanAnalysis_t*, analysisState_t, int*, int*, int*)",1,"l2_l1_read_hit_rate","L2 Hit Rate (L1 Reads)",90.145541%,90.145541%,90.145541%
"Tesla K80 (0)","void IpScan_KernelAnalysis<IpScan_ipScanAnalysis_t, IpScan_ipScanAnalysis_t>(packet_t*, IpScan_ipScanAnalysis_t*, IpScan_ipScanAnalysis_t*, analysisState_t, int*, int*, int*)",1,"l2_texture_read_hit_rate","L2 Hit Rate (Texture Reads)",0.000000%,0.000000%,0.000000%
"Tesla K80 (0)","void IpScan_KernelAnalysis<IpScan_ipScanAnalysis_t, IpScan_ipScanAnalysis_t>(packet_t*, IpScan_ipScanAnalysis_t*, IpScan_ipScanAnalysis_t*, analysisState_t, int*, int*, int*)",1,"l2_l1_read_throughput","L2 Throughput (L1 Reads)",5.613271GB/s,5.613271GB/s,5.613271GB/s
"Tesla K80 (0)","void IpScan_KernelAnalysis<IpScan_ipScanAnalysis_t, IpScan_ipScanAnalysis_t>(packet_t*, IpScan_ipScanAnalysis_t*, IpScan_ipScanAnalysis_t*, analysisState_t, int*, int*, int*)",1,"l2_texture_read_throughput","L2 Throughput (Texture Reads)",0.000000B/s,0.000000B/s,0.000000B/s
"Tesla K80 (0)","void IpScan_KernelAnalysis<IpScan_ipScanAnalysis_t, IpScan_ipScanAnalysis_t>(packet_t*, IpScan_ipScanAnalysis_t*, IpScan_ipScanAnalysis_t*, analysisState_t, int*, int*, int*)",1,"local_memory_overhead","Local Memory Overhead",0.000000%,0.000000%,0.000000%
"Tesla K80 (0)","void IpScan_KernelAnalysis<IpScan_ipScanAnalysis_t, IpScan_ipScanAnalysis_t>(packet_t*, IpScan_ipScanAnalysis_t*, IpScan_ipScanAnalysis_t*, analysisState_t, int*, int*, int*)",1,"warp_execution_efficiency","Warp Execution Efficiency",94.282993%,94.282993%,94.282993%
"Tesla K80 (0)","void IpScan_KernelAnalysis<IpScan_ipScanAnalysis_t, IpScan_ipScanAnalysis_t>(packet_t*, IpScan_ipScanAnalysis_t*, IpScan_ipScanAnalysis_t*, analysisState_t, int*, int*, int*)",1,"nc_gld_requested_throughput","Requested Non-Coherent Global Load Throughput",0.000000B/s,0.000000B/s,0.000000B/s
"Tesla K80 (0)","void IpScan_KernelAnalysis<IpScan_ipScanAnalysis_t, IpScan_ipScanAnalysis_t>(packet_t*, IpScan_ipScanAnalysis_t*, IpScan_ipScanAnalysis_t*, analysisState_t, int*, int*, int*)",1,"issued_ipc","Issued IPC",0.760869,0.760869,0.760869
"Tesla K80 (0)","void IpScan_KernelAnalysis<IpScan_ipScanAnalysis_t, IpScan_ipScanAnalysis_t>(packet_t*, IpScan_ipScanAnalysis_t*, IpScan_ipScanAnalysis_t*, analysisState_t, int*, int*, int*)",1,"inst_per_warp","Instructions per warp",34.389423,34.389423,34.389423
"Tesla K80 (0)","void IpScan_KernelAnalysis<IpScan_ipScanAnalysis_t, IpScan_ipScanAnalysis_t>(packet_t*, IpScan_ipScanAnalysis_t*, IpScan_ipScanAnalysis_t*, analysisState_t, int*, int*, int*)",1,"issue_slot_utilization","Issue Slot Utilization",18.581649%,18.581649%,18.581649%
"Tesla K80 (0)","void IpScan_KernelAnalysis<IpScan_ipScanAnalysis_t, IpScan_ipScanAnalysis_t>(packet_t*, IpScan_ipScanAnalysis_t*, IpScan_ipScanAnalysis_t*, analysisState_t, int*, int*, int*)",1,"local_load_transactions_per_request","Local Memory Load Transactions Per Request",0.000000,0.000000,0.000000
"Tesla K80 (0)","void IpScan_KernelAnalysis<IpScan_ipScanAnalysis_t, IpScan_ipScanAnalysis_t>(packet_t*, IpScan_ipScanAnalysis_t*, IpScan_ipScanAnalysis_t*, analysisState_t, int*, int*, int*)",1,"local_store_transactions_per_request","Local Memory Store Transactions Per Request",0.000000,0.000000,0.000000
"Tesla K80 (0)","void IpScan_KernelAnalysis<IpScan_ipScanAnalysis_t, IpScan_ipScanAnalysis_t>(packet_t*, IpScan_ipScanAnalysis_t*, IpScan_ipScanAnalysis_t*, analysisState_t, int*, int*, int*)",1,"shared_load_transactions_per_request","Shared Memory Load Transactions Per Request",1.236111,1.236111,1.236111
"Tesla K80 (0)","void IpScan_KernelAnalysis<IpScan_ipScanAnalysis_t, IpScan_ipScanAnalysis_t>(packet_t*, IpScan_ipScanAnalysis_t*, IpScan_ipScanAnalysis_t*, analysisState_t, int*, int*, int*)",1,"shared_store_transactions_per_request","Shared Memory Store Transactions Per Request",1.905660,1.905660,1.905660
"Tesla K80 (0)","void IpScan_KernelAnalysis<IpScan_ipScanAnalysis_t, IpScan_ipScanAnalysis_t>(packet_t*, IpScan_ipScanAnalysis_t*, IpScan_ipScanAnalysis_t*, analysisState_t, int*, int*, int*)",1,"gld_transactions_per_request","Global Load Transactions Per Request",7.059783,7.059783,7.059783
"Tesla K80 (0)","void IpScan_KernelAnalysis<IpScan_ipScanAnalysis_t, IpScan_ipScanAnalysis_t>(packet_t*, IpScan_ipScanAnalysis_t*, IpScan_ipScanAnalysis_t*, analysisState_t, int*, int*, int*)",1,"gst_transactions_per_request","Global Store Transactions Per Request",21.760456,21.760456,21.760456
"Tesla K80 (0)","void IpScan_KernelAnalysis<IpScan_ipScanAnalysis_t, IpScan_ipScanAnalysis_t>(packet_t*, IpScan_ipScanAnalysis_t*, IpScan_ipScanAnalysis_t*, analysisState_t, int*, int*, int*)",1,"local_load_transactions","Local Load Transactions",0,0,0
"Tesla K80 (0)","void IpScan_KernelAnalysis<IpScan_ipScanAnalysis_t, IpScan_ipScanAnalysis_t>(packet_t*, IpScan_ipScanAnalysis_t*, IpScan_ipScanAnalysis_t*, analysisState_t, int*, int*, int*)",1,"local_store_transactions","Local Store Transactions",0,0,0
"Tesla K80 (0)","void IpScan_KernelAnalysis<IpScan_ipScanAnalysis_t, IpScan_ipScanAnalysis_t>(packet_t*, IpScan_ipScanAnalysis_t*, IpScan_ipScanAnalysis_t*, analysisState_t, int*, int*, int*)",1,"shared_load_transactions","Shared Load Transactions",890,890,890
"Tesla K80 (0)","void IpScan_KernelAnalysis<IpScan_ipScanAnalysis_t, IpScan_ipScanAnalysis_t>(packet_t*, IpScan_ipScanAnalysis_t*, IpScan_ipScanAnalysis_t*, analysisState_t, int*, int*, int*)",1,"shared_store_transactions","Shared Store Transactions",2020,2020,2020
"Tesla K80 (0)","void IpScan_KernelAnalysis<IpScan_ipScanAnalysis_t, IpScan_ipScanAnalysis_t>(packet_t*, IpScan_ipScanAnalysis_t*, IpScan_ipScanAnalysis_t*, analysisState_t, int*, int*, int*)",1,"gld_transactions","Global Load Transactions",25980,25980,25980
"Tesla K80 (0)","void IpScan_KernelAnalysis<IpScan_ipScanAnalysis_t, IpScan_ipScanAnalysis_t>(packet_t*, IpScan_ipScanAnalysis_t*, IpScan_ipScanAnalysis_t*, analysisState_t, int*, int*, int*)",1,"gst_transactions","Global Store Transactions",228920,228920,228920
"Tesla K80 (0)","void IpScan_KernelAnalysis<IpScan_ipScanAnalysis_t, IpScan_ipScanAnalysis_t>(packet_t*, IpScan_ipScanAnalysis_t*, IpScan_ipScanAnalysis_t*, analysisState_t, int*, int*, int*)",1,"sysmem_read_transactions","System Memory Read Transactions",760,760,760
"Tesla K80 (0)","void IpScan_KernelAnalysis<IpScan_ipScanAnalysis_t, IpScan_ipScanAnalysis_t>(packet_t*, IpScan_ipScanAnalysis_t*, IpScan_ipScanAnalysis_t*, analysisState_t, int*, int*, int*)",1,"sysmem_write_transactions","System Memory Write Transactions",20,20,20
"Tesla K80 (0)","void IpScan_KernelAnalysis<IpScan_ipScanAnalysis_t, IpScan_ipScanAnalysis_t>(packet_t*, IpScan_ipScanAnalysis_t*, IpScan_ipScanAnalysis_t*, analysisState_t, int*, int*, int*)",1,"tex_cache_transactions","Texture Cache Transactions",0,0,0
"Tesla K80 (0)","void IpScan_KernelAnalysis<IpScan_ipScanAnalysis_t, IpScan_ipScanAnalysis_t>(packet_t*, IpScan_ipScanAnalysis_t*, IpScan_ipScanAnalysis_t*, analysisState_t, int*, int*, int*)",1,"dram_read_transactions","Device Memory Read Transactions",263325,263325,263325
"Tesla K80 (0)","void IpScan_KernelAnalysis<IpScan_ipScanAnalysis_t, IpScan_ipScanAnalysis_t>(packet_t*, IpScan_ipScanAnalysis_t*, IpScan_ipScanAnalysis_t*, analysisState_t, int*, int*, int*)",1,"dram_write_transactions","Device Memory Write Transactions",390736,390736,390736
"Tesla K80 (0)","void IpScan_KernelAnalysis<IpScan_ipScanAnalysis_t, IpScan_ipScanAnalysis_t>(packet_t*, IpScan_ipScanAnalysis_t*, IpScan_ipScanAnalysis_t*, analysisState_t, int*, int*, int*)",1,"l2_read_transactions","L2 Read Transactions",37883,37883,37883
"Tesla K80 (0)","void IpScan_KernelAnalysis<IpScan_ipScanAnalysis_t, IpScan_ipScanAnalysis_t>(packet_t*, IpScan_ipScanAnalysis_t*, IpScan_ipScanAnalysis_t*, analysisState_t, int*, int*, int*)",1,"l2_write_transactions","L2 Write Transactions",499653,499653,499653
"Tesla K80 (0)","void IpScan_KernelAnalysis<IpScan_ipScanAnalysis_t, IpScan_ipScanAnalysis_t>(packet_t*, IpScan_ipScanAnalysis_t*, IpScan_ipScanAnalysis_t*, analysisState_t, int*, int*, int*)",1,"local_load_throughput","Local Memory Load Throughput",0.000000B/s,0.000000B/s,0.000000B/s
"Tesla K80 (0)","void IpScan_KernelAnalysis<IpScan_ipScanAnalysis_t, IpScan_ipScanAnalysis_t>(packet_t*, IpScan_ipScanAnalysis_t*, IpScan_ipScanAnalysis_t*, analysisState_t, int*, int*, int*)",1,"local_store_throughput","Local Memory Store Throughput",0.000000B/s,0.000000B/s,0.000000B/s
"Tesla K80 (0)","void IpScan_KernelAnalysis<IpScan_ipScanAnalysis_t, IpScan_ipScanAnalysis_t>(packet_t*, IpScan_ipScanAnalysis_t*, IpScan_ipScanAnalysis_t*, analysisState_t, int*, int*, int*)",1,"shared_load_throughput","Shared Memory Load Throughput",1.057594GB/s,1.057594GB/s,1.057594GB/s
"Tesla K80 (0)","void IpScan_KernelAnalysis<IpScan_ipScanAnalysis_t, IpScan_ipScanAnalysis_t>(packet_t*, IpScan_ipScanAnalysis_t*, IpScan_ipScanAnalysis_t*, analysisState_t, int*, int*, int*)",1,"shared_store_throughput","Shared Memory Store Throughput",2.400382GB/s,2.400382GB/s,2.400382GB/s
"Tesla K80 (0)","void IpScan_KernelAnalysis<IpScan_ipScanAnalysis_t, IpScan_ipScanAnalysis_t>(packet_t*, IpScan_ipScanAnalysis_t*, IpScan_ipScanAnalysis_t*, analysisState_t, int*, int*, int*)",1,"l2_read_throughput","L2 Throughput (Reads)",5.627085GB/s,5.627085GB/s,5.627085GB/s
"Tesla K80 (0)","void IpScan_KernelAnalysis<IpScan_ipScanAnalysis_t, IpScan_ipScanAnalysis_t>(packet_t*, IpScan_ipScanAnalysis_t*, IpScan_ipScanAnalysis_t*, analysisState_t, int*, int*, int*)",1,"l2_write_throughput","L2 Throughput (Writes)",74.217716GB/s,74.217716GB/s,74.217716GB/s
"Tesla K80 (0)","void IpScan_KernelAnalysis<IpScan_ipScanAnalysis_t, IpScan_ipScanAnalysis_t>(packet_t*, IpScan_ipScanAnalysis_t*, IpScan_ipScanAnalysis_t*, analysisState_t, int*, int*, int*)",1,"sysmem_read_throughput","System Memory Read Throughput",115.598615MB/s,115.598615MB/s,115.598615MB/s
"Tesla K80 (0)","void IpScan_KernelAnalysis<IpScan_ipScanAnalysis_t, IpScan_ipScanAnalysis_t>(packet_t*, IpScan_ipScanAnalysis_t*, IpScan_ipScanAnalysis_t*, analysisState_t, int*, int*, int*)",1,"sysmem_write_throughput","System Memory Write Throughput",3.042068MB/s,3.042068MB/s,3.042068MB/s
"Tesla K80 (0)","void IpScan_KernelAnalysis<IpScan_ipScanAnalysis_t, IpScan_ipScanAnalysis_t>(packet_t*, IpScan_ipScanAnalysis_t*, IpScan_ipScanAnalysis_t*, analysisState_t, int*, int*, int*)",1,"warp_nonpred_execution_efficiency","Warp Non-Predicated Execution Efficiency",93.840434%,93.840434%,93.840434%
"Tesla K80 (0)","void IpScan_KernelAnalysis<IpScan_ipScanAnalysis_t, IpScan_ipScanAnalysis_t>(packet_t*, IpScan_ipScanAnalysis_t*, IpScan_ipScanAnalysis_t*, analysisState_t, int*, int*, int*)",1,"cf_issued","Issued Control-Flow Instructions",17987,17987,17987
"Tesla K80 (0)","void IpScan_KernelAnalysis<IpScan_ipScanAnalysis_t, IpScan_ipScanAnalysis_t>(packet_t*, IpScan_ipScanAnalysis_t*, IpScan_ipScanAnalysis_t*, analysisState_t, int*, int*, int*)",1,"cf_executed","Executed Control-Flow Instructions",13920,13920,13920
"Tesla K80 (0)","void IpScan_KernelAnalysis<IpScan_ipScanAnalysis_t, IpScan_ipScanAnalysis_t>(packet_t*, IpScan_ipScanAnalysis_t*, IpScan_ipScanAnalysis_t*, analysisState_t, int*, int*, int*)",1,"ldst_issued","Issued Load/Store Instructions",924162,924162,924162
"Tesla K80 (0)","void IpScan_KernelAnalysis<IpScan_ipScanAnalysis_t, IpScan_ipScanAnalysis_t>(packet_t*, IpScan_ipScanAnalysis_t*, IpScan_ipScanAnalysis_t*, analysisState_t, int*, int*, int*)",1,"ldst_executed","Executed Load/Store Instructions",16220,16220,16220
"Tesla K80 (0)","void IpScan_KernelAnalysis<IpScan_ipScanAnalysis_t, IpScan_ipScanAnalysis_t>(packet_t*, IpScan_ipScanAnalysis_t*, IpScan_ipScanAnalysis_t*, analysisState_t, int*, int*, int*)",1,"flop_count_sp","Floating Point Operations(Single Precision)",0,0,0
"Tesla K80 (0)","void IpScan_KernelAnalysis<IpScan_ipScanAnalysis_t, IpScan_ipScanAnalysis_t>(packet_t*, IpScan_ipScanAnalysis_t*, IpScan_ipScanAnalysis_t*, analysisState_t, int*, int*, int*)",1,"flop_count_sp_add","Floating Point Operations(Single Precision Add)",0,0,0
"Tesla K80 (0)","void IpScan_KernelAnalysis<IpScan_ipScanAnalysis_t, IpScan_ipScanAnalysis_t>(packet_t*, IpScan_ipScanAnalysis_t*, IpScan_ipScanAnalysis_t*, analysisState_t, int*, int*, int*)",1,"flop_count_sp_mul","Floating Point Operation(Single Precision Mul)",0,0,0
"Tesla K80 (0)","void IpScan_KernelAnalysis<IpScan_ipScanAnalysis_t, IpScan_ipScanAnalysis_t>(packet_t*, IpScan_ipScanAnalysis_t*, IpScan_ipScanAnalysis_t*, analysisState_t, int*, int*, int*)",1,"flop_count_sp_fma","Floating Point Operations(Single Precision FMA)",0,0,0
"Tesla K80 (0)","void IpScan_KernelAnalysis<IpScan_ipScanAnalysis_t, IpScan_ipScanAnalysis_t>(packet_t*, IpScan_ipScanAnalysis_t*, IpScan_ipScanAnalysis_t*, analysisState_t, int*, int*, int*)",1,"flop_count_dp","Floating Point Operations(Double Precision)",0,0,0
"Tesla K80 (0)","void IpScan_KernelAnalysis<IpScan_ipScanAnalysis_t, IpScan_ipScanAnalysis_t>(packet_t*, IpScan_ipScanAnalysis_t*, IpScan_ipScanAnalysis_t*, analysisState_t, int*, int*, int*)",1,"flop_count_dp_add","Floating Point Operations(Double Precision Add)",0,0,0
"Tesla K80 (0)","void IpScan_KernelAnalysis<IpScan_ipScanAnalysis_t, IpScan_ipScanAnalysis_t>(packet_t*, IpScan_ipScanAnalysis_t*, IpScan_ipScanAnalysis_t*, analysisState_t, int*, int*, int*)",1,"flop_count_dp_mul","Floating Point Operations(Double Precision Mul)",0,0,0
"Tesla K80 (0)","void IpScan_KernelAnalysis<IpScan_ipScanAnalysis_t, IpScan_ipScanAnalysis_t>(packet_t*, IpScan_ipScanAnalysis_t*, IpScan_ipScanAnalysis_t*, analysisState_t, int*, int*, int*)",1,"flop_count_dp_fma","Floating Point Operations(Double Precison FMA)",0,0,0
"Tesla K80 (0)","void IpScan_KernelAnalysis<IpScan_ipScanAnalysis_t, IpScan_ipScanAnalysis_t>(packet_t*, IpScan_ipScanAnalysis_t*, IpScan_ipScanAnalysis_t*, analysisState_t, int*, int*, int*)",1,"flop_count_sp_special","Floating Point Operations(Single Precision Special)",0,0,0
"Tesla K80 (0)","void IpScan_KernelAnalysis<IpScan_ipScanAnalysis_t, IpScan_ipScanAnalysis_t>(packet_t*, IpScan_ipScanAnalysis_t*, IpScan_ipScanAnalysis_t*, analysisState_t, int*, int*, int*)",1,"stall_inst_fetch","Issue Stall Reasons (Instructions Fetch)",0.157339%,0.157339%,0.157339%
"Tesla K80 (0)","void IpScan_KernelAnalysis<IpScan_ipScanAnalysis_t, IpScan_ipScanAnalysis_t>(packet_t*, IpScan_ipScanAnalysis_t*, IpScan_ipScanAnalysis_t*, analysisState_t, int*, int*, int*)",1,"stall_exec_dependency","Issue Stall Reasons (Execution Dependency)",1.274303%,1.274303%,1.274303%
"Tesla K80 (0)","void IpScan_KernelAnalysis<IpScan_ipScanAnalysis_t, IpScan_ipScanAnalysis_t>(packet_t*, IpScan_ipScanAnalysis_t*, IpScan_ipScanAnalysis_t*, analysisState_t, int*, int*, int*)",1,"stall_memory_dependency","Issue Stall Reasons (Data Request)",4.752708%,4.752708%,4.752708%
"Tesla K80 (0)","void IpScan_KernelAnalysis<IpScan_ipScanAnalysis_t, IpScan_ipScanAnalysis_t>(packet_t*, IpScan_ipScanAnalysis_t*, IpScan_ipScanAnalysis_t*, analysisState_t, int*, int*, int*)",1,"stall_texture","Issue Stall Reasons (Texture)",0.000000%,0.000000%,0.000000%
"Tesla K80 (0)","void IpScan_KernelAnalysis<IpScan_ipScanAnalysis_t, IpScan_ipScanAnalysis_t>(packet_t*, IpScan_ipScanAnalysis_t*, IpScan_ipScanAnalysis_t*, analysisState_t, int*, int*, int*)",1,"stall_sync","Issue Stall Reasons (Synchronization)",18.725826%,18.725826%,18.725826%
"Tesla K80 (0)","void IpScan_KernelAnalysis<IpScan_ipScanAnalysis_t, IpScan_ipScanAnalysis_t>(packet_t*, IpScan_ipScanAnalysis_t*, IpScan_ipScanAnalysis_t*, analysisState_t, int*, int*, int*)",1,"stall_other","Issue Stall Reasons (Other)",0.196740%,0.196740%,0.196740%
"Tesla K80 (0)","void IpScan_KernelAnalysis<IpScan_ipScanAnalysis_t, IpScan_ipScanAnalysis_t>(packet_t*, IpScan_ipScanAnalysis_t*, IpScan_ipScanAnalysis_t*, analysisState_t, int*, int*, int*)",1,"l1_shared_utilization","L1/Shared Memory Utilization","Low (1)","Low (1)","Low (1)"
"Tesla K80 (0)","void IpScan_KernelAnalysis<IpScan_ipScanAnalysis_t, IpScan_ipScanAnalysis_t>(packet_t*, IpScan_ipScanAnalysis_t*, IpScan_ipScanAnalysis_t*, analysisState_t, int*, int*, int*)",1,"l2_utilization","L2 Cache Utilization","Low (2)","Low (2)","Low (2)"
"Tesla K80 (0)","void IpScan_KernelAnalysis<IpScan_ipScanAnalysis_t, IpScan_ipScanAnalysis_t>(packet_t*, IpScan_ipScanAnalysis_t*, IpScan_ipScanAnalysis_t*, analysisState_t, int*, int*, int*)",1,"tex_utilization","Texture Cache Utilization","Idle (0)","Idle (0)","Idle (0)"
"Tesla K80 (0)","void IpScan_KernelAnalysis<IpScan_ipScanAnalysis_t, IpScan_ipScanAnalysis_t>(packet_t*, IpScan_ipScanAnalysis_t*, IpScan_ipScanAnalysis_t*, analysisState_t, int*, int*, int*)",1,"dram_utilization","Device Memory Utilization","Mid (5)","Mid (5)","Mid (5)"
"Tesla K80 (0)","void IpScan_KernelAnalysis<IpScan_ipScanAnalysis_t, IpScan_ipScanAnalysis_t>(packet_t*, IpScan_ipScanAnalysis_t*, IpScan_ipScanAnalysis_t*, analysisState_t, int*, int*, int*)",1,"sysmem_utilization","System Memory Utilization","Low (1)","Low (1)","Low (1)"
"Tesla K80 (0)","void IpScan_KernelAnalysis<IpScan_ipScanAnalysis_t, IpScan_ipScanAnalysis_t>(packet_t*, IpScan_ipScanAnalysis_t*, IpScan_ipScanAnalysis_t*, analysisState_t, int*, int*, int*)",1,"ldst_fu_utilization","Load/Store Function Unit Utilization","High (8)","High (8)","High (8)"
"Tesla K80 (0)","void IpScan_KernelAnalysis<IpScan_ipScanAnalysis_t, IpScan_ipScanAnalysis_t>(packet_t*, IpScan_ipScanAnalysis_t*, IpScan_ipScanAnalysis_t*, analysisState_t, int*, int*, int*)",1,"alu_fu_utilization","Arithmetic Function Unit Utilization","Low (1)","Low (1)","Low (1)"
"Tesla K80 (0)","void IpScan_KernelAnalysis<IpScan_ipScanAnalysis_t, IpScan_ipScanAnalysis_t>(packet_t*, IpScan_ipScanAnalysis_t*, IpScan_ipScanAnalysis_t*, analysisState_t, int*, int*, int*)",1,"cf_fu_utilization","Control-Flow Function Unit Utilization","Low (1)","Low (1)","Low (1)"
"Tesla K80 (0)","void IpScan_KernelAnalysis<IpScan_ipScanAnalysis_t, IpScan_ipScanAnalysis_t>(packet_t*, IpScan_ipScanAnalysis_t*, IpScan_ipScanAnalysis_t*, analysisState_t, int*, int*, int*)",1,"tex_fu_utilization","Texture Function Unit Utilization","Idle (0)","Idle (0)","Idle (0)"
"Tesla K80 (0)","void IpScan_KernelAnalysis<IpScan_ipScanAnalysis_t, IpScan_ipScanAnalysis_t>(packet_t*, IpScan_ipScanAnalysis_t*, IpScan_ipScanAnalysis_t*, analysisState_t, int*, int*, int*)",1,"inst_executed","Instructions Executed",71530,71530,71530
"Tesla K80 (0)","void IpScan_KernelAnalysis<IpScan_ipScanAnalysis_t, IpScan_ipScanAnalysis_t>(packet_t*, IpScan_ipScanAnalysis_t*, IpScan_ipScanAnalysis_t*, analysisState_t, int*, int*, int*)",1,"inst_issued","Instructions Issued",1037913,1037913,1037913
"Tesla K80 (0)","void IpScan_KernelAnalysis<IpScan_ipScanAnalysis_t, IpScan_ipScanAnalysis_t>(packet_t*, IpScan_ipScanAnalysis_t*, IpScan_ipScanAnalysis_t*, analysisState_t, int*, int*, int*)",1,"issue_slots","Issue Slots",1013901,1013901,1013901
"Tesla K80 (0)","void IpScan_KernelAnalysis<IpScan_ipScanAnalysis_t, IpScan_ipScanAnalysis_t>(packet_t*, IpScan_ipScanAnalysis_t*, IpScan_ipScanAnalysis_t*, analysisState_t, int*, int*, int*)",1,"nc_l2_read_throughput","L2 Throughput (Non-Coherent Reads)",0.000000B/s,0.000000B/s,0.000000B/s
"Tesla K80 (0)","void IpScan_KernelAnalysis<IpScan_ipScanAnalysis_t, IpScan_ipScanAnalysis_t>(packet_t*, IpScan_ipScanAnalysis_t*, IpScan_ipScanAnalysis_t*, analysisState_t, int*, int*, int*)",1,"nc_l2_read_transactions","L2 Non-Coherent Read Transactions",0,0,0
"Tesla K80 (0)","void IpScan_KernelAnalysis<IpScan_ipScanAnalysis_t, IpScan_ipScanAnalysis_t>(packet_t*, IpScan_ipScanAnalysis_t*, IpScan_ipScanAnalysis_t*, analysisState_t, int*, int*, int*)",1,"nc_cache_global_hit_rate","Non-Coherent Global Hit Rate",0.000000%,0.000000%,0.000000%
"Tesla K80 (0)","void IpScan_KernelAnalysis<IpScan_ipScanAnalysis_t, IpScan_ipScanAnalysis_t>(packet_t*, IpScan_ipScanAnalysis_t*, IpScan_ipScanAnalysis_t*, analysisState_t, int*, int*, int*)",1,"nc_gld_throughput","Non-Coherent Global Memory Load Throughput",0.000000B/s,0.000000B/s,0.000000B/s
"Tesla K80 (0)","void IpScan_KernelAnalysis<IpScan_ipScanAnalysis_t, IpScan_ipScanAnalysis_t>(packet_t*, IpScan_ipScanAnalysis_t*, IpScan_ipScanAnalysis_t*, analysisState_t, int*, int*, int*)",1,"nc_gld_efficiency","Non-Coherent Global Load Efficiency",0.000000%,0.000000%,0.000000%
"Tesla K80 (0)","void IpScan_KernelAnalysis<IpScan_ipScanAnalysis_t, IpScan_ipScanAnalysis_t>(packet_t*, IpScan_ipScanAnalysis_t*, IpScan_ipScanAnalysis_t*, analysisState_t, int*, int*, int*)",1,"l2_atomic_throughput","L2 Throughput (Atomic requests)",0.000000B/s,0.000000B/s,0.000000B/s
"Tesla K80 (0)","void IpScan_KernelAnalysis<IpScan_ipScanAnalysis_t, IpScan_ipScanAnalysis_t>(packet_t*, IpScan_ipScanAnalysis_t*, IpScan_ipScanAnalysis_t*, analysisState_t, int*, int*, int*)",1,"inst_fp_32","FP Instructions(Single)",0,0,0
"Tesla K80 (0)","void IpScan_KernelAnalysis<IpScan_ipScanAnalysis_t, IpScan_ipScanAnalysis_t>(packet_t*, IpScan_ipScanAnalysis_t*, IpScan_ipScanAnalysis_t*, analysisState_t, int*, int*, int*)",1,"inst_fp_64","FP Instructions(Double)",0,0,0
"Tesla K80 (0)","void IpScan_KernelAnalysis<IpScan_ipScanAnalysis_t, IpScan_ipScanAnalysis_t>(packet_t*, IpScan_ipScanAnalysis_t*, IpScan_ipScanAnalysis_t*, analysisState_t, int*, int*, int*)",1,"inst_integer","Integer Instructions",620840,620840,620840
"Tesla K80 (0)","void IpScan_KernelAnalysis<IpScan_ipScanAnalysis_t, IpScan_ipScanAnalysis_t>(packet_t*, IpScan_ipScanAnalysis_t*, IpScan_ipScanAnalysis_t*, analysisState_t, int*, int*, int*)",1,"inst_bit_convert","Bit-Convert Instructions",10370,10370,10370
"Tesla K80 (0)","void IpScan_KernelAnalysis<IpScan_ipScanAnalysis_t, IpScan_ipScanAnalysis_t>(packet_t*, IpScan_ipScanAnalysis_t*, IpScan_ipScanAnalysis_t*, analysisState_t, int*, int*, int*)",1,"inst_control","Control-Flow Instructions",72190,72190,72190
"Tesla K80 (0)","void IpScan_KernelAnalysis<IpScan_ipScanAnalysis_t, IpScan_ipScanAnalysis_t>(packet_t*, IpScan_ipScanAnalysis_t*, IpScan_ipScanAnalysis_t*, analysisState_t, int*, int*, int*)",1,"inst_compute_ld_st","Load/Store Instructions",479120,479120,479120
"Tesla K80 (0)","void IpScan_KernelAnalysis<IpScan_ipScanAnalysis_t, IpScan_ipScanAnalysis_t>(packet_t*, IpScan_ipScanAnalysis_t*, IpScan_ipScanAnalysis_t*, analysisState_t, int*, int*, int*)",1,"inst_misc","Misc Instructions",886090,886090,886090
"Tesla K80 (0)","void IpScan_KernelAnalysis<IpScan_ipScanAnalysis_t, IpScan_ipScanAnalysis_t>(packet_t*, IpScan_ipScanAnalysis_t*, IpScan_ipScanAnalysis_t*, analysisState_t, int*, int*, int*)",1,"inst_inter_thread_communication","Inter-Thread Instructions",0,0,0
"Tesla K80 (0)","void IpScan_KernelAnalysis<IpScan_ipScanAnalysis_t, IpScan_ipScanAnalysis_t>(packet_t*, IpScan_ipScanAnalysis_t*, IpScan_ipScanAnalysis_t*, analysisState_t, int*, int*, int*)",1,"atomic_replay_overhead","Atomic Replay Overhead",0.000000,0.000000,0.000000
"Tesla K80 (0)","void IpScan_KernelAnalysis<IpScan_ipScanAnalysis_t, IpScan_ipScanAnalysis_t>(packet_t*, IpScan_ipScanAnalysis_t*, IpScan_ipScanAnalysis_t*, analysisState_t, int*, int*, int*)",1,"atomic_transactions","Atomic Transactions",0,0,0
"Tesla K80 (0)","void IpScan_KernelAnalysis<IpScan_ipScanAnalysis_t, IpScan_ipScanAnalysis_t>(packet_t*, IpScan_ipScanAnalysis_t*, IpScan_ipScanAnalysis_t*, analysisState_t, int*, int*, int*)",1,"atomic_transactions_per_request","Atomic Transactions Per Request",0.000000,0.000000,0.000000
"Tesla K80 (0)","void IpScan_KernelAnalysis<IpScan_ipScanAnalysis_t, IpScan_ipScanAnalysis_t>(packet_t*, IpScan_ipScanAnalysis_t*, IpScan_ipScanAnalysis_t*, analysisState_t, int*, int*, int*)",1,"l2_l1_read_transactions","L2 Read Transactions (L1 read requests)",37790,37790,37790
"Tesla K80 (0)","void IpScan_KernelAnalysis<IpScan_ipScanAnalysis_t, IpScan_ipScanAnalysis_t>(packet_t*, IpScan_ipScanAnalysis_t*, IpScan_ipScanAnalysis_t*, analysisState_t, int*, int*, int*)",1,"l2_l1_write_transactions","L2 Write Transactions (L1 write requests)",332920,332920,332920
"Tesla K80 (0)","void IpScan_KernelAnalysis<IpScan_ipScanAnalysis_t, IpScan_ipScanAnalysis_t>(packet_t*, IpScan_ipScanAnalysis_t*, IpScan_ipScanAnalysis_t*, analysisState_t, int*, int*, int*)",1,"l2_tex_read_transactions","L2 Transactions (Texture Reads)",0,0,0
"Tesla K80 (0)","void IpScan_KernelAnalysis<IpScan_ipScanAnalysis_t, IpScan_ipScanAnalysis_t>(packet_t*, IpScan_ipScanAnalysis_t*, IpScan_ipScanAnalysis_t*, analysisState_t, int*, int*, int*)",1,"l2_l1_write_throughput","L2 Throughput (L1 Writes)",49.451443GB/s,49.451443GB/s,49.451443GB/s
"Tesla K80 (0)","void IpScan_KernelAnalysis<IpScan_ipScanAnalysis_t, IpScan_ipScanAnalysis_t>(packet_t*, IpScan_ipScanAnalysis_t*, IpScan_ipScanAnalysis_t*, analysisState_t, int*, int*, int*)",1,"l2_atomic_transactions","L2 Transactions (Atomic requests)",0,0,0
"Tesla K80 (0)","void IpScan_KernelAnalysis<IpScan_ipScanAnalysis_t, IpScan_ipScanAnalysis_t>(packet_t*, IpScan_ipScanAnalysis_t*, IpScan_ipScanAnalysis_t*, analysisState_t, int*, int*, int*)",1,"ecc_transactions","ECC Transactions",230549,230549,230549
"Tesla K80 (0)","void IpScan_KernelAnalysis<IpScan_ipScanAnalysis_t, IpScan_ipScanAnalysis_t>(packet_t*, IpScan_ipScanAnalysis_t*, IpScan_ipScanAnalysis_t*, analysisState_t, int*, int*, int*)",1,"ecc_throughput","ECC Throughput",34.245407GB/s,34.245407GB/s,34.245407GB/s
"Tesla K80 (0)","void IpScan_KernelAnalysis<IpScan_ipScanAnalysis_t, IpScan_ipScanAnalysis_t>(packet_t*, IpScan_ipScanAnalysis_t*, IpScan_ipScanAnalysis_t*, analysisState_t, int*, int*, int*)",1,"stall_pipe_busy","Issue Stall Reasons (Pipe Busy)",8.200255%,8.200255%,8.200255%
"Tesla K80 (0)","void IpScan_KernelAnalysis<IpScan_ipScanAnalysis_t, IpScan_ipScanAnalysis_t>(packet_t*, IpScan_ipScanAnalysis_t*, IpScan_ipScanAnalysis_t*, analysisState_t, int*, int*, int*)",1,"stall_constant_memory_dependency","Issue Stall Reasons (Immediate constant)",0.338176%,0.338176%,0.338176%
"Tesla K80 (0)","void IpScan_KernelAnalysis<IpScan_ipScanAnalysis_t, IpScan_ipScanAnalysis_t>(packet_t*, IpScan_ipScanAnalysis_t*, IpScan_ipScanAnalysis_t*, analysisState_t, int*, int*, int*)",1,"flop_sp_efficiency","FLOP Efficiency(Peak Single)",0.000000%,0.000000%,0.000000%
"Tesla K80 (0)","void IpScan_KernelAnalysis<IpScan_ipScanAnalysis_t, IpScan_ipScanAnalysis_t>(packet_t*, IpScan_ipScanAnalysis_t*, IpScan_ipScanAnalysis_t*, analysisState_t, int*, int*, int*)",1,"flop_dp_efficiency","FLOP Efficiency(Peak Double)",0.000000%,0.000000%,0.000000%
"Tesla K80 (0)","void IpScan_KernelAnalysis<IpScan_ipScanAnalysis_t, IpScan_ipScanAnalysis_t>(packet_t*, IpScan_ipScanAnalysis_t*, IpScan_ipScanAnalysis_t*, analysisState_t, int*, int*, int*)",1,"stall_memory_throttle","Issue Stall Reasons (Memory Throttle)",62.756368%,62.756368%,62.756368%
"Tesla K80 (0)","void IpScan_KernelAnalysis<IpScan_ipScanAnalysis_t, IpScan_ipScanAnalysis_t>(packet_t*, IpScan_ipScanAnalysis_t*, IpScan_ipScanAnalysis_t*, analysisState_t, int*, int*, int*)",1,"stall_not_selected","Issue Stall Reasons (Not Selected)",3.598285%,3.598285%,3.598285%
"Tesla K80 (0)","void IpScan_KernelAnalysis<IpScan_ipScanAnalysis_t, IpScan_ipScanAnalysis_t>(packet_t*, IpScan_ipScanAnalysis_t*, IpScan_ipScanAnalysis_t*, analysisState_t, int*, int*, int*)",1,"eligible_warps_per_cycle","Eligible Warps Per Active Cycle",1.862911,1.862911,1.862911
"Tesla K80 (0)","void IpScan_KernelAnalysis<IpScan_ipScanAnalysis_t, IpScan_ipScanAnalysis_t>(packet_t*, IpScan_ipScanAnalysis_t*, IpScan_ipScanAnalysis_t*, analysisState_t, int*, int*, int*)",1,"atomic_throughput","Atomic Throughput",0.000000B/s,0.000000B/s,0.000000B/s
