==129980== NVPROF is profiling process 129980, command: ./example pcap/packet256new.pcap 200
==129980== Some kernel(s) will be replayed on device 0 in order to collect all events/metrics.
==129980== Profiling application: ./example pcap/packet256new.pcap 200
==129980== Profiling result:
==129980== Metric result:
"Device","Kernel","Invocations","Metric Name","Metric Description","Min","Max","Avg"
"Tesla K80 (0)","void IpScan_KernelAnalysis<IpScan_ipScanAnalysis_t, IpScan_ipScanAnalysis_t>(packet_t*, IpScan_ipScanAnalysis_t*, IpScan_ipScanAnalysis_t*, analysisState_t, char*, int*, int, int*, int*)",1,"l1_cache_global_hit_rate","L1 Global Hit Rate",0.000000%,0.000000%,0.000000%
"Tesla K80 (0)","void IpScan_KernelAnalysis<IpScan_ipScanAnalysis_t, IpScan_ipScanAnalysis_t>(packet_t*, IpScan_ipScanAnalysis_t*, IpScan_ipScanAnalysis_t*, analysisState_t, char*, int*, int, int*, int*)",1,"l1_cache_local_hit_rate","L1 Local Hit Rate",0.000000%,0.000000%,0.000000%
"Tesla K80 (0)","void IpScan_KernelAnalysis<IpScan_ipScanAnalysis_t, IpScan_ipScanAnalysis_t>(packet_t*, IpScan_ipScanAnalysis_t*, IpScan_ipScanAnalysis_t*, analysisState_t, char*, int*, int, int*, int*)",1,"sm_efficiency","Multiprocessor Activity",98.773036%,98.773036%,98.773036%
"Tesla K80 (0)","void IpScan_KernelAnalysis<IpScan_ipScanAnalysis_t, IpScan_ipScanAnalysis_t>(packet_t*, IpScan_ipScanAnalysis_t*, IpScan_ipScanAnalysis_t*, analysisState_t, char*, int*, int, int*, int*)",1,"ipc","Executed IPC",0.211896,0.211896,0.211896
"Tesla K80 (0)","void IpScan_KernelAnalysis<IpScan_ipScanAnalysis_t, IpScan_ipScanAnalysis_t>(packet_t*, IpScan_ipScanAnalysis_t*, IpScan_ipScanAnalysis_t*, analysisState_t, char*, int*, int, int*, int*)",1,"achieved_occupancy","Achieved Occupancy",0.487261,0.487261,0.487261
"Tesla K80 (0)","void IpScan_KernelAnalysis<IpScan_ipScanAnalysis_t, IpScan_ipScanAnalysis_t>(packet_t*, IpScan_ipScanAnalysis_t*, IpScan_ipScanAnalysis_t*, analysisState_t, char*, int*, int, int*, int*)",1,"gld_requested_throughput","Requested Global Load Throughput",218.284360MB/s,218.284360MB/s,218.284360MB/s
"Tesla K80 (0)","void IpScan_KernelAnalysis<IpScan_ipScanAnalysis_t, IpScan_ipScanAnalysis_t>(packet_t*, IpScan_ipScanAnalysis_t*, IpScan_ipScanAnalysis_t*, analysisState_t, char*, int*, int, int*, int*)",1,"gst_requested_throughput","Requested Global Store Throughput",35.425230MB/s,35.425230MB/s,35.425230MB/s
"Tesla K80 (0)","void IpScan_KernelAnalysis<IpScan_ipScanAnalysis_t, IpScan_ipScanAnalysis_t>(packet_t*, IpScan_ipScanAnalysis_t*, IpScan_ipScanAnalysis_t*, analysisState_t, char*, int*, int, int*, int*)",1,"sm_efficiency_instance","Multiprocessor Activity",98.773036%,98.773036%,98.773036%
"Tesla K80 (0)","void IpScan_KernelAnalysis<IpScan_ipScanAnalysis_t, IpScan_ipScanAnalysis_t>(packet_t*, IpScan_ipScanAnalysis_t*, IpScan_ipScanAnalysis_t*, analysisState_t, char*, int*, int, int*, int*)",1,"ipc_instance","Executed IPC",0.211896,0.211896,0.211896
"Tesla K80 (0)","void IpScan_KernelAnalysis<IpScan_ipScanAnalysis_t, IpScan_ipScanAnalysis_t>(packet_t*, IpScan_ipScanAnalysis_t*, IpScan_ipScanAnalysis_t*, analysisState_t, char*, int*, int, int*, int*)",1,"inst_replay_overhead","Instruction Replay Overhead",0.278568,0.278568,0.278568
"Tesla K80 (0)","void IpScan_KernelAnalysis<IpScan_ipScanAnalysis_t, IpScan_ipScanAnalysis_t>(packet_t*, IpScan_ipScanAnalysis_t*, IpScan_ipScanAnalysis_t*, analysisState_t, char*, int*, int, int*, int*)",1,"shared_replay_overhead","Shared Memory Replay Overhead",0.079922,0.079922,0.079922
"Tesla K80 (0)","void IpScan_KernelAnalysis<IpScan_ipScanAnalysis_t, IpScan_ipScanAnalysis_t>(packet_t*, IpScan_ipScanAnalysis_t*, IpScan_ipScanAnalysis_t*, analysisState_t, char*, int*, int, int*, int*)",1,"global_replay_overhead","Global Memory Replay Overhead",0.010686,0.010686,0.010686
"Tesla K80 (0)","void IpScan_KernelAnalysis<IpScan_ipScanAnalysis_t, IpScan_ipScanAnalysis_t>(packet_t*, IpScan_ipScanAnalysis_t*, IpScan_ipScanAnalysis_t*, analysisState_t, char*, int*, int, int*, int*)",1,"global_cache_replay_overhead","Global Memory Cache Replay Overhead",0.000000,0.000000,0.000000
"Tesla K80 (0)","void IpScan_KernelAnalysis<IpScan_ipScanAnalysis_t, IpScan_ipScanAnalysis_t>(packet_t*, IpScan_ipScanAnalysis_t*, IpScan_ipScanAnalysis_t*, analysisState_t, char*, int*, int, int*, int*)",1,"tex_cache_hit_rate","Texture Cache Hit Rate",0.000000%,0.000000%,0.000000%
"Tesla K80 (0)","void IpScan_KernelAnalysis<IpScan_ipScanAnalysis_t, IpScan_ipScanAnalysis_t>(packet_t*, IpScan_ipScanAnalysis_t*, IpScan_ipScanAnalysis_t*, analysisState_t, char*, int*, int, int*, int*)",1,"tex_cache_throughput","Texture Cache Throughput",0.000000B/s,0.000000B/s,0.000000B/s
"Tesla K80 (0)","void IpScan_KernelAnalysis<IpScan_ipScanAnalysis_t, IpScan_ipScanAnalysis_t>(packet_t*, IpScan_ipScanAnalysis_t*, IpScan_ipScanAnalysis_t*, analysisState_t, char*, int*, int, int*, int*)",1,"dram_read_throughput","Device Memory Read Throughput",174.494555MB/s,174.494555MB/s,174.494555MB/s
"Tesla K80 (0)","void IpScan_KernelAnalysis<IpScan_ipScanAnalysis_t, IpScan_ipScanAnalysis_t>(packet_t*, IpScan_ipScanAnalysis_t*, IpScan_ipScanAnalysis_t*, analysisState_t, char*, int*, int, int*, int*)",1,"dram_write_throughput","Device Memory Write Throughput",161.398842MB/s,161.398842MB/s,161.398842MB/s
"Tesla K80 (0)","void IpScan_KernelAnalysis<IpScan_ipScanAnalysis_t, IpScan_ipScanAnalysis_t>(packet_t*, IpScan_ipScanAnalysis_t*, IpScan_ipScanAnalysis_t*, analysisState_t, char*, int*, int, int*, int*)",1,"gst_throughput","Global Store Throughput",242.743382MB/s,242.743382MB/s,242.743382MB/s
"Tesla K80 (0)","void IpScan_KernelAnalysis<IpScan_ipScanAnalysis_t, IpScan_ipScanAnalysis_t>(packet_t*, IpScan_ipScanAnalysis_t*, IpScan_ipScanAnalysis_t*, analysisState_t, char*, int*, int, int*, int*)",1,"gld_throughput","Global Load Throughput",1.110626GB/s,1.110626GB/s,1.110626GB/s
"Tesla K80 (0)","void IpScan_KernelAnalysis<IpScan_ipScanAnalysis_t, IpScan_ipScanAnalysis_t>(packet_t*, IpScan_ipScanAnalysis_t*, IpScan_ipScanAnalysis_t*, analysisState_t, char*, int*, int, int*, int*)",1,"local_replay_overhead","Local Memory Cache Replay Overhead",0.000000,0.000000,0.000000
"Tesla K80 (0)","void IpScan_KernelAnalysis<IpScan_ipScanAnalysis_t, IpScan_ipScanAnalysis_t>(packet_t*, IpScan_ipScanAnalysis_t*, IpScan_ipScanAnalysis_t*, analysisState_t, char*, int*, int, int*, int*)",1,"shared_efficiency","Shared Memory Efficiency",5.407129%,5.407129%,5.407129%
"Tesla K80 (0)","void IpScan_KernelAnalysis<IpScan_ipScanAnalysis_t, IpScan_ipScanAnalysis_t>(packet_t*, IpScan_ipScanAnalysis_t*, IpScan_ipScanAnalysis_t*, analysisState_t, char*, int*, int, int*, int*)",1,"gld_efficiency","Global Memory Load Efficiency",19.193534%,19.193534%,19.193534%
"Tesla K80 (0)","void IpScan_KernelAnalysis<IpScan_ipScanAnalysis_t, IpScan_ipScanAnalysis_t>(packet_t*, IpScan_ipScanAnalysis_t*, IpScan_ipScanAnalysis_t*, analysisState_t, char*, int*, int, int*, int*)",1,"gst_efficiency","Global Memory Store Efficiency",14.593696%,14.593696%,14.593696%
"Tesla K80 (0)","void IpScan_KernelAnalysis<IpScan_ipScanAnalysis_t, IpScan_ipScanAnalysis_t>(packet_t*, IpScan_ipScanAnalysis_t*, IpScan_ipScanAnalysis_t*, analysisState_t, char*, int*, int, int*, int*)",1,"l2_l1_read_hit_rate","L2 Hit Rate (L1 Reads)",54.189961%,54.189961%,54.189961%
"Tesla K80 (0)","void IpScan_KernelAnalysis<IpScan_ipScanAnalysis_t, IpScan_ipScanAnalysis_t>(packet_t*, IpScan_ipScanAnalysis_t*, IpScan_ipScanAnalysis_t*, analysisState_t, char*, int*, int, int*, int*)",1,"l2_texture_read_hit_rate","L2 Hit Rate (Texture Reads)",0.000000%,0.000000%,0.000000%
"Tesla K80 (0)","void IpScan_KernelAnalysis<IpScan_ipScanAnalysis_t, IpScan_ipScanAnalysis_t>(packet_t*, IpScan_ipScanAnalysis_t*, IpScan_ipScanAnalysis_t*, analysisState_t, char*, int*, int, int*, int*)",1,"l2_l1_read_throughput","L2 Throughput (L1 Reads)",1.110626GB/s,1.110626GB/s,1.110626GB/s
"Tesla K80 (0)","void IpScan_KernelAnalysis<IpScan_ipScanAnalysis_t, IpScan_ipScanAnalysis_t>(packet_t*, IpScan_ipScanAnalysis_t*, IpScan_ipScanAnalysis_t*, analysisState_t, char*, int*, int, int*, int*)",1,"l2_texture_read_throughput","L2 Throughput (Texture Reads)",0.000000B/s,0.000000B/s,0.000000B/s
"Tesla K80 (0)","void IpScan_KernelAnalysis<IpScan_ipScanAnalysis_t, IpScan_ipScanAnalysis_t>(packet_t*, IpScan_ipScanAnalysis_t*, IpScan_ipScanAnalysis_t*, analysisState_t, char*, int*, int, int*, int*)",1,"local_memory_overhead","Local Memory Overhead",0.000000%,0.000000%,0.000000%
"Tesla K80 (0)","void IpScan_KernelAnalysis<IpScan_ipScanAnalysis_t, IpScan_ipScanAnalysis_t>(packet_t*, IpScan_ipScanAnalysis_t*, IpScan_ipScanAnalysis_t*, analysisState_t, char*, int*, int, int*, int*)",1,"warp_execution_efficiency","Warp Execution Efficiency",71.941188%,71.941188%,71.941188%
"Tesla K80 (0)","void IpScan_KernelAnalysis<IpScan_ipScanAnalysis_t, IpScan_ipScanAnalysis_t>(packet_t*, IpScan_ipScanAnalysis_t*, IpScan_ipScanAnalysis_t*, analysisState_t, char*, int*, int, int*, int*)",1,"nc_gld_requested_throughput","Requested Non-Coherent Global Load Throughput",0.000000B/s,0.000000B/s,0.000000B/s
"Tesla K80 (0)","void IpScan_KernelAnalysis<IpScan_ipScanAnalysis_t, IpScan_ipScanAnalysis_t>(packet_t*, IpScan_ipScanAnalysis_t*, IpScan_ipScanAnalysis_t*, analysisState_t, char*, int*, int, int*, int*)",1,"issued_ipc","Issued IPC",0.276317,0.276317,0.276317
"Tesla K80 (0)","void IpScan_KernelAnalysis<IpScan_ipScanAnalysis_t, IpScan_ipScanAnalysis_t>(packet_t*, IpScan_ipScanAnalysis_t*, IpScan_ipScanAnalysis_t*, analysisState_t, char*, int*, int, int*, int*)",1,"inst_per_warp","Instructions per warp",51508.784615,51508.784615,51508.784615
"Tesla K80 (0)","void IpScan_KernelAnalysis<IpScan_ipScanAnalysis_t, IpScan_ipScanAnalysis_t>(packet_t*, IpScan_ipScanAnalysis_t*, IpScan_ipScanAnalysis_t*, analysisState_t, char*, int*, int, int*, int*)",1,"issue_slot_utilization","Issue Slot Utilization",5.725432%,5.725432%,5.725432%
"Tesla K80 (0)","void IpScan_KernelAnalysis<IpScan_ipScanAnalysis_t, IpScan_ipScanAnalysis_t>(packet_t*, IpScan_ipScanAnalysis_t*, IpScan_ipScanAnalysis_t*, analysisState_t, char*, int*, int, int*, int*)",1,"local_load_transactions_per_request","Local Memory Load Transactions Per Request",0.000000,0.000000,0.000000
"Tesla K80 (0)","void IpScan_KernelAnalysis<IpScan_ipScanAnalysis_t, IpScan_ipScanAnalysis_t>(packet_t*, IpScan_ipScanAnalysis_t*, IpScan_ipScanAnalysis_t*, analysisState_t, char*, int*, int, int*, int*)",1,"local_store_transactions_per_request","Local Memory Store Transactions Per Request",0.000000,0.000000,0.000000
"Tesla K80 (0)","void IpScan_KernelAnalysis<IpScan_ipScanAnalysis_t, IpScan_ipScanAnalysis_t>(packet_t*, IpScan_ipScanAnalysis_t*, IpScan_ipScanAnalysis_t*, analysisState_t, char*, int*, int, int*, int*)",1,"shared_load_transactions_per_request","Shared Memory Load Transactions Per Request",1.665938,1.665938,1.665938
"Tesla K80 (0)","void IpScan_KernelAnalysis<IpScan_ipScanAnalysis_t, IpScan_ipScanAnalysis_t>(packet_t*, IpScan_ipScanAnalysis_t*, IpScan_ipScanAnalysis_t*, analysisState_t, char*, int*, int, int*, int*)",1,"shared_store_transactions_per_request","Shared Memory Store Transactions Per Request",1.984148,1.984148,1.984148
"Tesla K80 (0)","void IpScan_KernelAnalysis<IpScan_ipScanAnalysis_t, IpScan_ipScanAnalysis_t>(packet_t*, IpScan_ipScanAnalysis_t*, IpScan_ipScanAnalysis_t*, analysisState_t, char*, int*, int, int*, int*)",1,"gld_transactions_per_request","Global Load Transactions Per Request",1.442680,1.442680,1.442680
"Tesla K80 (0)","void IpScan_KernelAnalysis<IpScan_ipScanAnalysis_t, IpScan_ipScanAnalysis_t>(packet_t*, IpScan_ipScanAnalysis_t*, IpScan_ipScanAnalysis_t*, analysisState_t, char*, int*, int, int*, int*)",1,"gst_transactions_per_request","Global Store Transactions Per Request",15.339883,15.339883,15.339883
"Tesla K80 (0)","void IpScan_KernelAnalysis<IpScan_ipScanAnalysis_t, IpScan_ipScanAnalysis_t>(packet_t*, IpScan_ipScanAnalysis_t*, IpScan_ipScanAnalysis_t*, analysisState_t, char*, int*, int, int*, int*)",1,"local_load_transactions","Local Load Transactions",0,0,0
"Tesla K80 (0)","void IpScan_KernelAnalysis<IpScan_ipScanAnalysis_t, IpScan_ipScanAnalysis_t>(packet_t*, IpScan_ipScanAnalysis_t*, IpScan_ipScanAnalysis_t*, analysisState_t, char*, int*, int, int*, int*)",1,"local_store_transactions","Local Store Transactions",0,0,0
"Tesla K80 (0)","void IpScan_KernelAnalysis<IpScan_ipScanAnalysis_t, IpScan_ipScanAnalysis_t>(packet_t*, IpScan_ipScanAnalysis_t*, IpScan_ipScanAnalysis_t*, analysisState_t, char*, int*, int, int*, int*)",1,"shared_load_transactions","Shared Load Transactions",21350184,21350184,21350184
"Tesla K80 (0)","void IpScan_KernelAnalysis<IpScan_ipScanAnalysis_t, IpScan_ipScanAnalysis_t>(packet_t*, IpScan_ipScanAnalysis_t*, IpScan_ipScanAnalysis_t*, analysisState_t, char*, int*, int, int*, int*)",1,"shared_store_transactions","Shared Store Transactions",59328,59328,59328
"Tesla K80 (0)","void IpScan_KernelAnalysis<IpScan_ipScanAnalysis_t, IpScan_ipScanAnalysis_t>(packet_t*, IpScan_ipScanAnalysis_t*, IpScan_ipScanAnalysis_t*, analysisState_t, char*, int*, int, int*, int*)",1,"gld_transactions","Global Load Transactions",2375495,2375495,2375495
"Tesla K80 (0)","void IpScan_KernelAnalysis<IpScan_ipScanAnalysis_t, IpScan_ipScanAnalysis_t>(packet_t*, IpScan_ipScanAnalysis_t*, IpScan_ipScanAnalysis_t*, analysisState_t, char*, int*, int, int*, int*)",1,"gst_transactions","Global Store Transactions",445010,445010,445010
"Tesla K80 (0)","void IpScan_KernelAnalysis<IpScan_ipScanAnalysis_t, IpScan_ipScanAnalysis_t>(packet_t*, IpScan_ipScanAnalysis_t*, IpScan_ipScanAnalysis_t*, analysisState_t, char*, int*, int, int*, int*)",1,"sysmem_read_transactions","System Memory Read Transactions",993650,993650,993650
"Tesla K80 (0)","void IpScan_KernelAnalysis<IpScan_ipScanAnalysis_t, IpScan_ipScanAnalysis_t>(packet_t*, IpScan_ipScanAnalysis_t*, IpScan_ipScanAnalysis_t*, analysisState_t, char*, int*, int, int*, int*)",1,"sysmem_write_transactions","System Memory Write Transactions",28,28,28
"Tesla K80 (0)","void IpScan_KernelAnalysis<IpScan_ipScanAnalysis_t, IpScan_ipScanAnalysis_t>(packet_t*, IpScan_ipScanAnalysis_t*, IpScan_ipScanAnalysis_t*, analysisState_t, char*, int*, int, int*, int*)",1,"tex_cache_transactions","Texture Cache Transactions",0,0,0
"Tesla K80 (0)","void IpScan_KernelAnalysis<IpScan_ipScanAnalysis_t, IpScan_ipScanAnalysis_t>(packet_t*, IpScan_ipScanAnalysis_t*, IpScan_ipScanAnalysis_t*, analysisState_t, char*, int*, int, int*, int*)",1,"dram_read_transactions","Device Memory Read Transactions",391662,391662,391662
"Tesla K80 (0)","void IpScan_KernelAnalysis<IpScan_ipScanAnalysis_t, IpScan_ipScanAnalysis_t>(packet_t*, IpScan_ipScanAnalysis_t*, IpScan_ipScanAnalysis_t*, analysisState_t, char*, int*, int, int*, int*)",1,"dram_write_transactions","Device Memory Write Transactions",362268,362268,362268
"Tesla K80 (0)","void IpScan_KernelAnalysis<IpScan_ipScanAnalysis_t, IpScan_ipScanAnalysis_t>(packet_t*, IpScan_ipScanAnalysis_t*, IpScan_ipScanAnalysis_t*, analysisState_t, char*, int*, int, int*, int*)",1,"l2_read_transactions","L2 Read Transactions",2556132,2556132,2556132
"Tesla K80 (0)","void IpScan_KernelAnalysis<IpScan_ipScanAnalysis_t, IpScan_ipScanAnalysis_t>(packet_t*, IpScan_ipScanAnalysis_t*, IpScan_ipScanAnalysis_t*, analysisState_t, char*, int*, int, int*, int*)",1,"l2_write_transactions","L2 Write Transactions",750222,750222,750222
"Tesla K80 (0)","void IpScan_KernelAnalysis<IpScan_ipScanAnalysis_t, IpScan_ipScanAnalysis_t>(packet_t*, IpScan_ipScanAnalysis_t*, IpScan_ipScanAnalysis_t*, analysisState_t, char*, int*, int, int*, int*)",1,"local_load_throughput","Local Memory Load Throughput",0.000000B/s,0.000000B/s,0.000000B/s
"Tesla K80 (0)","void IpScan_KernelAnalysis<IpScan_ipScanAnalysis_t, IpScan_ipScanAnalysis_t>(packet_t*, IpScan_ipScanAnalysis_t*, IpScan_ipScanAnalysis_t*, analysisState_t, char*, int*, int, int*, int*)",1,"local_store_throughput","Local Memory Store Throughput",0.000000B/s,0.000000B/s,0.000000B/s
"Tesla K80 (0)","void IpScan_KernelAnalysis<IpScan_ipScanAnalysis_t, IpScan_ipScanAnalysis_t>(packet_t*, IpScan_ipScanAnalysis_t*, IpScan_ipScanAnalysis_t*, analysisState_t, char*, int*, int, int*, int*)",1,"shared_load_throughput","Shared Memory Load Throughput",74.312538GB/s,74.312538GB/s,74.312538GB/s
"Tesla K80 (0)","void IpScan_KernelAnalysis<IpScan_ipScanAnalysis_t, IpScan_ipScanAnalysis_t>(packet_t*, IpScan_ipScanAnalysis_t*, IpScan_ipScanAnalysis_t*, analysisState_t, char*, int*, int, int*, int*)",1,"shared_store_throughput","Shared Memory Store Throughput",211.456060MB/s,211.456060MB/s,211.456060MB/s
"Tesla K80 (0)","void IpScan_KernelAnalysis<IpScan_ipScanAnalysis_t, IpScan_ipScanAnalysis_t>(packet_t*, IpScan_ipScanAnalysis_t*, IpScan_ipScanAnalysis_t*, analysisState_t, char*, int*, int, int*, int*)",1,"l2_read_throughput","L2 Throughput (Reads)",1.112125GB/s,1.112125GB/s,1.112125GB/s
"Tesla K80 (0)","void IpScan_KernelAnalysis<IpScan_ipScanAnalysis_t, IpScan_ipScanAnalysis_t>(packet_t*, IpScan_ipScanAnalysis_t*, IpScan_ipScanAnalysis_t*, analysisState_t, char*, int*, int, int*, int*)",1,"l2_write_throughput","L2 Throughput (Writes)",334.241397MB/s,334.241397MB/s,334.241397MB/s
"Tesla K80 (0)","void IpScan_KernelAnalysis<IpScan_ipScanAnalysis_t, IpScan_ipScanAnalysis_t>(packet_t*, IpScan_ipScanAnalysis_t*, IpScan_ipScanAnalysis_t*, analysisState_t, char*, int*, int, int*, int*)",1,"sysmem_read_throughput","System Memory Read Throughput",442.694248MB/s,442.694248MB/s,442.694248MB/s
"Tesla K80 (0)","void IpScan_KernelAnalysis<IpScan_ipScanAnalysis_t, IpScan_ipScanAnalysis_t>(packet_t*, IpScan_ipScanAnalysis_t*, IpScan_ipScanAnalysis_t*, analysisState_t, char*, int*, int, int*, int*)",1,"sysmem_write_throughput","System Memory Write Throughput",12.773438KB/s,12.773438KB/s,12.773438KB/s
"Tesla K80 (0)","void IpScan_KernelAnalysis<IpScan_ipScanAnalysis_t, IpScan_ipScanAnalysis_t>(packet_t*, IpScan_ipScanAnalysis_t*, IpScan_ipScanAnalysis_t*, analysisState_t, char*, int*, int, int*, int*)",1,"warp_nonpred_execution_efficiency","Warp Non-Predicated Execution Efficiency",71.294157%,71.294157%,71.294157%
"Tesla K80 (0)","void IpScan_KernelAnalysis<IpScan_ipScanAnalysis_t, IpScan_ipScanAnalysis_t>(packet_t*, IpScan_ipScanAnalysis_t*, IpScan_ipScanAnalysis_t*, analysisState_t, char*, int*, int, int*, int*)",1,"cf_issued","Issued Control-Flow Instructions",5330709,5330709,5330709
"Tesla K80 (0)","void IpScan_KernelAnalysis<IpScan_ipScanAnalysis_t, IpScan_ipScanAnalysis_t>(packet_t*, IpScan_ipScanAnalysis_t*, IpScan_ipScanAnalysis_t*, analysisState_t, char*, int*, int, int*, int*)",1,"cf_executed","Executed Control-Flow Instructions",5326538,5326538,5326538
"Tesla K80 (0)","void IpScan_KernelAnalysis<IpScan_ipScanAnalysis_t, IpScan_ipScanAnalysis_t>(packet_t*, IpScan_ipScanAnalysis_t*, IpScan_ipScanAnalysis_t*, analysisState_t, char*, int*, int, int*, int*)",1,"ldst_issued","Issued Load/Store Instructions",33367474,33367474,33367474
"Tesla K80 (0)","void IpScan_KernelAnalysis<IpScan_ipScanAnalysis_t, IpScan_ipScanAnalysis_t>(packet_t*, IpScan_ipScanAnalysis_t*, IpScan_ipScanAnalysis_t*, analysisState_t, char*, int*, int, int*, int*)",1,"ldst_executed","Executed Load/Store Instructions",14523088,14523088,14523088
"Tesla K80 (0)","void IpScan_KernelAnalysis<IpScan_ipScanAnalysis_t, IpScan_ipScanAnalysis_t>(packet_t*, IpScan_ipScanAnalysis_t*, IpScan_ipScanAnalysis_t*, analysisState_t, char*, int*, int, int*, int*)",1,"flop_count_sp","Floating Point Operations(Single Precision)",0,0,0
"Tesla K80 (0)","void IpScan_KernelAnalysis<IpScan_ipScanAnalysis_t, IpScan_ipScanAnalysis_t>(packet_t*, IpScan_ipScanAnalysis_t*, IpScan_ipScanAnalysis_t*, analysisState_t, char*, int*, int, int*, int*)",1,"flop_count_sp_add","Floating Point Operations(Single Precision Add)",0,0,0
"Tesla K80 (0)","void IpScan_KernelAnalysis<IpScan_ipScanAnalysis_t, IpScan_ipScanAnalysis_t>(packet_t*, IpScan_ipScanAnalysis_t*, IpScan_ipScanAnalysis_t*, analysisState_t, char*, int*, int, int*, int*)",1,"flop_count_sp_mul","Floating Point Operation(Single Precision Mul)",0,0,0
"Tesla K80 (0)","void IpScan_KernelAnalysis<IpScan_ipScanAnalysis_t, IpScan_ipScanAnalysis_t>(packet_t*, IpScan_ipScanAnalysis_t*, IpScan_ipScanAnalysis_t*, analysisState_t, char*, int*, int, int*, int*)",1,"flop_count_sp_fma","Floating Point Operations(Single Precision FMA)",0,0,0
"Tesla K80 (0)","void IpScan_KernelAnalysis<IpScan_ipScanAnalysis_t, IpScan_ipScanAnalysis_t>(packet_t*, IpScan_ipScanAnalysis_t*, IpScan_ipScanAnalysis_t*, analysisState_t, char*, int*, int, int*, int*)",1,"flop_count_dp","Floating Point Operations(Double Precision)",0,0,0
"Tesla K80 (0)","void IpScan_KernelAnalysis<IpScan_ipScanAnalysis_t, IpScan_ipScanAnalysis_t>(packet_t*, IpScan_ipScanAnalysis_t*, IpScan_ipScanAnalysis_t*, analysisState_t, char*, int*, int, int*, int*)",1,"flop_count_dp_add","Floating Point Operations(Double Precision Add)",0,0,0
"Tesla K80 (0)","void IpScan_KernelAnalysis<IpScan_ipScanAnalysis_t, IpScan_ipScanAnalysis_t>(packet_t*, IpScan_ipScanAnalysis_t*, IpScan_ipScanAnalysis_t*, analysisState_t, char*, int*, int, int*, int*)",1,"flop_count_dp_mul","Floating Point Operations(Double Precision Mul)",0,0,0
"Tesla K80 (0)","void IpScan_KernelAnalysis<IpScan_ipScanAnalysis_t, IpScan_ipScanAnalysis_t>(packet_t*, IpScan_ipScanAnalysis_t*, IpScan_ipScanAnalysis_t*, analysisState_t, char*, int*, int, int*, int*)",1,"flop_count_dp_fma","Floating Point Operations(Double Precison FMA)",0,0,0
"Tesla K80 (0)","void IpScan_KernelAnalysis<IpScan_ipScanAnalysis_t, IpScan_ipScanAnalysis_t>(packet_t*, IpScan_ipScanAnalysis_t*, IpScan_ipScanAnalysis_t*, analysisState_t, char*, int*, int, int*, int*)",1,"flop_count_sp_special","Floating Point Operations(Single Precision Special)",0,0,0
"Tesla K80 (0)","void IpScan_KernelAnalysis<IpScan_ipScanAnalysis_t, IpScan_ipScanAnalysis_t>(packet_t*, IpScan_ipScanAnalysis_t*, IpScan_ipScanAnalysis_t*, analysisState_t, char*, int*, int, int*, int*)",1,"stall_inst_fetch","Issue Stall Reasons (Instructions Fetch)",0.879732%,0.879732%,0.879732%
"Tesla K80 (0)","void IpScan_KernelAnalysis<IpScan_ipScanAnalysis_t, IpScan_ipScanAnalysis_t>(packet_t*, IpScan_ipScanAnalysis_t*, IpScan_ipScanAnalysis_t*, analysisState_t, char*, int*, int, int*, int*)",1,"stall_exec_dependency","Issue Stall Reasons (Execution Dependency)",5.323157%,5.323157%,5.323157%
"Tesla K80 (0)","void IpScan_KernelAnalysis<IpScan_ipScanAnalysis_t, IpScan_ipScanAnalysis_t>(packet_t*, IpScan_ipScanAnalysis_t*, IpScan_ipScanAnalysis_t*, analysisState_t, char*, int*, int, int*, int*)",1,"stall_memory_dependency","Issue Stall Reasons (Data Request)",67.410599%,67.410599%,67.410599%
"Tesla K80 (0)","void IpScan_KernelAnalysis<IpScan_ipScanAnalysis_t, IpScan_ipScanAnalysis_t>(packet_t*, IpScan_ipScanAnalysis_t*, IpScan_ipScanAnalysis_t*, analysisState_t, char*, int*, int, int*, int*)",1,"stall_texture","Issue Stall Reasons (Texture)",0.000000%,0.000000%,0.000000%
"Tesla K80 (0)","void IpScan_KernelAnalysis<IpScan_ipScanAnalysis_t, IpScan_ipScanAnalysis_t>(packet_t*, IpScan_ipScanAnalysis_t*, IpScan_ipScanAnalysis_t*, analysisState_t, char*, int*, int, int*, int*)",1,"stall_sync","Issue Stall Reasons (Synchronization)",21.881651%,21.881651%,21.881651%
"Tesla K80 (0)","void IpScan_KernelAnalysis<IpScan_ipScanAnalysis_t, IpScan_ipScanAnalysis_t>(packet_t*, IpScan_ipScanAnalysis_t*, IpScan_ipScanAnalysis_t*, analysisState_t, char*, int*, int, int*, int*)",1,"stall_other","Issue Stall Reasons (Other)",0.079069%,0.079069%,0.079069%
"Tesla K80 (0)","void IpScan_KernelAnalysis<IpScan_ipScanAnalysis_t, IpScan_ipScanAnalysis_t>(packet_t*, IpScan_ipScanAnalysis_t*, IpScan_ipScanAnalysis_t*, analysisState_t, char*, int*, int, int*, int*)",1,"l1_shared_utilization","L1/Shared Memory Utilization","Low (1)","Low (1)","Low (1)"
"Tesla K80 (0)","void IpScan_KernelAnalysis<IpScan_ipScanAnalysis_t, IpScan_ipScanAnalysis_t>(packet_t*, IpScan_ipScanAnalysis_t*, IpScan_ipScanAnalysis_t*, analysisState_t, char*, int*, int, int*, int*)",1,"l2_utilization","L2 Cache Utilization","Low (1)","Low (1)","Low (1)"
"Tesla K80 (0)","void IpScan_KernelAnalysis<IpScan_ipScanAnalysis_t, IpScan_ipScanAnalysis_t>(packet_t*, IpScan_ipScanAnalysis_t*, IpScan_ipScanAnalysis_t*, analysisState_t, char*, int*, int, int*, int*)",1,"tex_utilization","Texture Cache Utilization","Idle (0)","Idle (0)","Idle (0)"
"Tesla K80 (0)","void IpScan_KernelAnalysis<IpScan_ipScanAnalysis_t, IpScan_ipScanAnalysis_t>(packet_t*, IpScan_ipScanAnalysis_t*, IpScan_ipScanAnalysis_t*, analysisState_t, char*, int*, int, int*, int*)",1,"dram_utilization","Device Memory Utilization","Low (1)","Low (1)","Low (1)"
"Tesla K80 (0)","void IpScan_KernelAnalysis<IpScan_ipScanAnalysis_t, IpScan_ipScanAnalysis_t>(packet_t*, IpScan_ipScanAnalysis_t*, IpScan_ipScanAnalysis_t*, analysisState_t, char*, int*, int, int*, int*)",1,"sysmem_utilization","System Memory Utilization","Low (1)","Low (1)","Low (1)"
"Tesla K80 (0)","void IpScan_KernelAnalysis<IpScan_ipScanAnalysis_t, IpScan_ipScanAnalysis_t>(packet_t*, IpScan_ipScanAnalysis_t*, IpScan_ipScanAnalysis_t*, analysisState_t, char*, int*, int, int*, int*)",1,"ldst_fu_utilization","Load/Store Function Unit Utilization","Low (1)","Low (1)","Low (1)"
"Tesla K80 (0)","void IpScan_KernelAnalysis<IpScan_ipScanAnalysis_t, IpScan_ipScanAnalysis_t>(packet_t*, IpScan_ipScanAnalysis_t*, IpScan_ipScanAnalysis_t*, analysisState_t, char*, int*, int, int*, int*)",1,"alu_fu_utilization","Arithmetic Function Unit Utilization","Low (1)","Low (1)","Low (1)"
"Tesla K80 (0)","void IpScan_KernelAnalysis<IpScan_ipScanAnalysis_t, IpScan_ipScanAnalysis_t>(packet_t*, IpScan_ipScanAnalysis_t*, IpScan_ipScanAnalysis_t*, analysisState_t, char*, int*, int, int*, int*)",1,"cf_fu_utilization","Control-Flow Function Unit Utilization","Low (1)","Low (1)","Low (1)"
"Tesla K80 (0)","void IpScan_KernelAnalysis<IpScan_ipScanAnalysis_t, IpScan_ipScanAnalysis_t>(packet_t*, IpScan_ipScanAnalysis_t*, IpScan_ipScanAnalysis_t*, analysisState_t, char*, int*, int, int*, int*)",1,"tex_fu_utilization","Texture Function Unit Utilization","Idle (0)","Idle (0)","Idle (0)"
"Tesla K80 (0)","void IpScan_KernelAnalysis<IpScan_ipScanAnalysis_t, IpScan_ipScanAnalysis_t>(packet_t*, IpScan_ipScanAnalysis_t*, IpScan_ipScanAnalysis_t*, analysisState_t, char*, int*, int, int*, int*)",1,"inst_executed","Instructions Executed",107138272,107138272,107138272
"Tesla K80 (0)","void IpScan_KernelAnalysis<IpScan_ipScanAnalysis_t, IpScan_ipScanAnalysis_t>(packet_t*, IpScan_ipScanAnalysis_t*, IpScan_ipScanAnalysis_t*, analysisState_t, char*, int*, int, int*, int*)",1,"inst_issued","Instructions Issued",136983610,136983610,136983610
"Tesla K80 (0)","void IpScan_KernelAnalysis<IpScan_ipScanAnalysis_t, IpScan_ipScanAnalysis_t>(packet_t*, IpScan_ipScanAnalysis_t*, IpScan_ipScanAnalysis_t*, analysisState_t, char*, int*, int, int*, int*)",1,"issue_slots","Issue Slots",113775614,113775614,113775614
"Tesla K80 (0)","void IpScan_KernelAnalysis<IpScan_ipScanAnalysis_t, IpScan_ipScanAnalysis_t>(packet_t*, IpScan_ipScanAnalysis_t*, IpScan_ipScanAnalysis_t*, analysisState_t, char*, int*, int, int*, int*)",1,"nc_l2_read_throughput","L2 Throughput (Non-Coherent Reads)",0.000000B/s,0.000000B/s,0.000000B/s
"Tesla K80 (0)","void IpScan_KernelAnalysis<IpScan_ipScanAnalysis_t, IpScan_ipScanAnalysis_t>(packet_t*, IpScan_ipScanAnalysis_t*, IpScan_ipScanAnalysis_t*, analysisState_t, char*, int*, int, int*, int*)",1,"nc_l2_read_transactions","L2 Non-Coherent Read Transactions",0,0,0
"Tesla K80 (0)","void IpScan_KernelAnalysis<IpScan_ipScanAnalysis_t, IpScan_ipScanAnalysis_t>(packet_t*, IpScan_ipScanAnalysis_t*, IpScan_ipScanAnalysis_t*, analysisState_t, char*, int*, int, int*, int*)",1,"nc_cache_global_hit_rate","Non-Coherent Global Hit Rate",0.000000%,0.000000%,0.000000%
"Tesla K80 (0)","void IpScan_KernelAnalysis<IpScan_ipScanAnalysis_t, IpScan_ipScanAnalysis_t>(packet_t*, IpScan_ipScanAnalysis_t*, IpScan_ipScanAnalysis_t*, analysisState_t, char*, int*, int, int*, int*)",1,"nc_gld_throughput","Non-Coherent Global Memory Load Throughput",0.000000B/s,0.000000B/s,0.000000B/s
"Tesla K80 (0)","void IpScan_KernelAnalysis<IpScan_ipScanAnalysis_t, IpScan_ipScanAnalysis_t>(packet_t*, IpScan_ipScanAnalysis_t*, IpScan_ipScanAnalysis_t*, analysisState_t, char*, int*, int, int*, int*)",1,"nc_gld_efficiency","Non-Coherent Global Load Efficiency",0.000000%,0.000000%,0.000000%
"Tesla K80 (0)","void IpScan_KernelAnalysis<IpScan_ipScanAnalysis_t, IpScan_ipScanAnalysis_t>(packet_t*, IpScan_ipScanAnalysis_t*, IpScan_ipScanAnalysis_t*, analysisState_t, char*, int*, int, int*, int*)",1,"l2_atomic_throughput","L2 Throughput (Atomic requests)",0.000000B/s,0.000000B/s,0.000000B/s
"Tesla K80 (0)","void IpScan_KernelAnalysis<IpScan_ipScanAnalysis_t, IpScan_ipScanAnalysis_t>(packet_t*, IpScan_ipScanAnalysis_t*, IpScan_ipScanAnalysis_t*, analysisState_t, char*, int*, int, int*, int*)",1,"inst_fp_32","FP Instructions(Single)",0,0,0
"Tesla K80 (0)","void IpScan_KernelAnalysis<IpScan_ipScanAnalysis_t, IpScan_ipScanAnalysis_t>(packet_t*, IpScan_ipScanAnalysis_t*, IpScan_ipScanAnalysis_t*, analysisState_t, char*, int*, int, int*, int*)",1,"inst_fp_64","FP Instructions(Double)",0,0,0
"Tesla K80 (0)","void IpScan_KernelAnalysis<IpScan_ipScanAnalysis_t, IpScan_ipScanAnalysis_t>(packet_t*, IpScan_ipScanAnalysis_t*, IpScan_ipScanAnalysis_t*, analysisState_t, char*, int*, int, int*, int*)",1,"inst_integer","Integer Instructions",1871179793,1871179793,1871179793
"Tesla K80 (0)","void IpScan_KernelAnalysis<IpScan_ipScanAnalysis_t, IpScan_ipScanAnalysis_t>(packet_t*, IpScan_ipScanAnalysis_t*, IpScan_ipScanAnalysis_t*, analysisState_t, char*, int*, int, int*, int*)",1,"inst_bit_convert","Bit-Convert Instructions",9230,9230,9230
"Tesla K80 (0)","void IpScan_KernelAnalysis<IpScan_ipScanAnalysis_t, IpScan_ipScanAnalysis_t>(packet_t*, IpScan_ipScanAnalysis_t*, IpScan_ipScanAnalysis_t*, analysisState_t, char*, int*, int, int*, int*)",1,"inst_control","Control-Flow Instructions",94868850,94868850,94868850
"Tesla K80 (0)","void IpScan_KernelAnalysis<IpScan_ipScanAnalysis_t, IpScan_ipScanAnalysis_t>(packet_t*, IpScan_ipScanAnalysis_t*, IpScan_ipScanAnalysis_t*, analysisState_t, char*, int*, int, int*, int*)",1,"inst_compute_ld_st","Load/Store Instructions",336576148,336576148,336576148
"Tesla K80 (0)","void IpScan_KernelAnalysis<IpScan_ipScanAnalysis_t, IpScan_ipScanAnalysis_t>(packet_t*, IpScan_ipScanAnalysis_t*, IpScan_ipScanAnalysis_t*, analysisState_t, char*, int*, int, int*, int*)",1,"inst_misc","Misc Instructions",129913123,129913123,129913123
"Tesla K80 (0)","void IpScan_KernelAnalysis<IpScan_ipScanAnalysis_t, IpScan_ipScanAnalysis_t>(packet_t*, IpScan_ipScanAnalysis_t*, IpScan_ipScanAnalysis_t*, analysisState_t, char*, int*, int, int*, int*)",1,"inst_inter_thread_communication","Inter-Thread Instructions",0,0,0
"Tesla K80 (0)","void IpScan_KernelAnalysis<IpScan_ipScanAnalysis_t, IpScan_ipScanAnalysis_t>(packet_t*, IpScan_ipScanAnalysis_t*, IpScan_ipScanAnalysis_t*, analysisState_t, char*, int*, int, int*, int*)",1,"atomic_replay_overhead","Atomic Replay Overhead",0.000000,0.000000,0.000000
"Tesla K80 (0)","void IpScan_KernelAnalysis<IpScan_ipScanAnalysis_t, IpScan_ipScanAnalysis_t>(packet_t*, IpScan_ipScanAnalysis_t*, IpScan_ipScanAnalysis_t*, analysisState_t, char*, int*, int, int*, int*)",1,"atomic_transactions","Atomic Transactions",0,0,0
"Tesla K80 (0)","void IpScan_KernelAnalysis<IpScan_ipScanAnalysis_t, IpScan_ipScanAnalysis_t>(packet_t*, IpScan_ipScanAnalysis_t*, IpScan_ipScanAnalysis_t*, analysisState_t, char*, int*, int, int*, int*)",1,"atomic_transactions_per_request","Atomic Transactions Per Request",0.000000,0.000000,0.000000
"Tesla K80 (0)","void IpScan_KernelAnalysis<IpScan_ipScanAnalysis_t, IpScan_ipScanAnalysis_t>(packet_t*, IpScan_ipScanAnalysis_t*, IpScan_ipScanAnalysis_t*, analysisState_t, char*, int*, int, int*, int*)",1,"l2_l1_read_transactions","L2 Read Transactions (L1 read requests)",2552685,2552685,2552685
"Tesla K80 (0)","void IpScan_KernelAnalysis<IpScan_ipScanAnalysis_t, IpScan_ipScanAnalysis_t>(packet_t*, IpScan_ipScanAnalysis_t*, IpScan_ipScanAnalysis_t*, analysisState_t, char*, int*, int, int*, int*)",1,"l2_l1_write_transactions","L2 Write Transactions (L1 write requests)",544850,544850,544850
"Tesla K80 (0)","void IpScan_KernelAnalysis<IpScan_ipScanAnalysis_t, IpScan_ipScanAnalysis_t>(packet_t*, IpScan_ipScanAnalysis_t*, IpScan_ipScanAnalysis_t*, analysisState_t, char*, int*, int, int*, int*)",1,"l2_tex_read_transactions","L2 Transactions (Texture Reads)",0,0,0
"Tesla K80 (0)","void IpScan_KernelAnalysis<IpScan_ipScanAnalysis_t, IpScan_ipScanAnalysis_t>(packet_t*, IpScan_ipScanAnalysis_t*, IpScan_ipScanAnalysis_t*, analysisState_t, char*, int*, int, int*, int*)",1,"l2_l1_write_throughput","L2 Throughput (L1 Writes)",242.743382MB/s,242.743382MB/s,242.743382MB/s
"Tesla K80 (0)","void IpScan_KernelAnalysis<IpScan_ipScanAnalysis_t, IpScan_ipScanAnalysis_t>(packet_t*, IpScan_ipScanAnalysis_t*, IpScan_ipScanAnalysis_t*, analysisState_t, char*, int*, int, int*, int*)",1,"l2_atomic_transactions","L2 Transactions (Atomic requests)",0,0,0
"Tesla K80 (0)","void IpScan_KernelAnalysis<IpScan_ipScanAnalysis_t, IpScan_ipScanAnalysis_t>(packet_t*, IpScan_ipScanAnalysis_t*, IpScan_ipScanAnalysis_t*, analysisState_t, char*, int*, int, int*, int*)",1,"ecc_transactions","ECC Transactions",268291,268291,268291
"Tesla K80 (0)","void IpScan_KernelAnalysis<IpScan_ipScanAnalysis_t, IpScan_ipScanAnalysis_t>(packet_t*, IpScan_ipScanAnalysis_t*, IpScan_ipScanAnalysis_t*, analysisState_t, char*, int*, int, int*, int*)",1,"ecc_throughput","ECC Throughput",119.529897MB/s,119.529897MB/s,119.529897MB/s
"Tesla K80 (0)","void IpScan_KernelAnalysis<IpScan_ipScanAnalysis_t, IpScan_ipScanAnalysis_t>(packet_t*, IpScan_ipScanAnalysis_t*, IpScan_ipScanAnalysis_t*, analysisState_t, char*, int*, int, int*, int*)",1,"stall_pipe_busy","Issue Stall Reasons (Pipe Busy)",0.116945%,0.116945%,0.116945%
"Tesla K80 (0)","void IpScan_KernelAnalysis<IpScan_ipScanAnalysis_t, IpScan_ipScanAnalysis_t>(packet_t*, IpScan_ipScanAnalysis_t*, IpScan_ipScanAnalysis_t*, analysisState_t, char*, int*, int, int*, int*)",1,"stall_constant_memory_dependency","Issue Stall Reasons (Immediate constant)",0.001017%,0.001017%,0.001017%
"Tesla K80 (0)","void IpScan_KernelAnalysis<IpScan_ipScanAnalysis_t, IpScan_ipScanAnalysis_t>(packet_t*, IpScan_ipScanAnalysis_t*, IpScan_ipScanAnalysis_t*, analysisState_t, char*, int*, int, int*, int*)",1,"flop_sp_efficiency","FLOP Efficiency(Peak Single)",0.000000%,0.000000%,0.000000%
"Tesla K80 (0)","void IpScan_KernelAnalysis<IpScan_ipScanAnalysis_t, IpScan_ipScanAnalysis_t>(packet_t*, IpScan_ipScanAnalysis_t*, IpScan_ipScanAnalysis_t*, analysisState_t, char*, int*, int, int*, int*)",1,"flop_dp_efficiency","FLOP Efficiency(Peak Double)",0.000000%,0.000000%,0.000000%
"Tesla K80 (0)","void IpScan_KernelAnalysis<IpScan_ipScanAnalysis_t, IpScan_ipScanAnalysis_t>(packet_t*, IpScan_ipScanAnalysis_t*, IpScan_ipScanAnalysis_t*, analysisState_t, char*, int*, int, int*, int*)",1,"stall_memory_throttle","Issue Stall Reasons (Memory Throttle)",4.255784%,4.255784%,4.255784%
"Tesla K80 (0)","void IpScan_KernelAnalysis<IpScan_ipScanAnalysis_t, IpScan_ipScanAnalysis_t>(packet_t*, IpScan_ipScanAnalysis_t*, IpScan_ipScanAnalysis_t*, analysisState_t, char*, int*, int, int*, int*)",1,"stall_not_selected","Issue Stall Reasons (Not Selected)",0.052046%,0.052046%,0.052046%
"Tesla K80 (0)","void IpScan_KernelAnalysis<IpScan_ipScanAnalysis_t, IpScan_ipScanAnalysis_t>(packet_t*, IpScan_ipScanAnalysis_t*, IpScan_ipScanAnalysis_t*, analysisState_t, char*, int*, int, int*, int*)",1,"eligible_warps_per_cycle","Eligible Warps Per Active Cycle",0.245346,0.245346,0.245346
"Tesla K80 (0)","void IpScan_KernelAnalysis<IpScan_ipScanAnalysis_t, IpScan_ipScanAnalysis_t>(packet_t*, IpScan_ipScanAnalysis_t*, IpScan_ipScanAnalysis_t*, analysisState_t, char*, int*, int, int*, int*)",1,"atomic_throughput","Atomic Throughput",0.000000B/s,0.000000B/s,0.000000B/s
