==107364== NVPROF is profiling process 107364, command: ./example pcap/packet256new.pcap 1800
==107364== Some kernel(s) will be replayed on device 0 in order to collect all events/metrics.
==107364== Profiling application: ./example pcap/packet256new.pcap 1800
==107364== Profiling result:
==107364== Metric result:
"Device","Kernel","Invocations","Metric Name","Metric Description","Min","Max","Avg"
"Tesla K80 (0)","void IpScan_KernelAnalysis<IpScan_ipScanAnalysis_t, IpScan_ipScanAnalysis_t>(packet_t*, IpScan_ipScanAnalysis_t*, IpScan_ipScanAnalysis_t*, analysisState_t, int*, char*, int*, int*, int*, int*, int*, int, int)",1,"l1_cache_global_hit_rate","L1 Global Hit Rate",0.000000%,0.000000%,0.000000%
"Tesla K80 (0)","void IpScan_KernelAnalysis<IpScan_ipScanAnalysis_t, IpScan_ipScanAnalysis_t>(packet_t*, IpScan_ipScanAnalysis_t*, IpScan_ipScanAnalysis_t*, analysisState_t, int*, char*, int*, int*, int*, int*, int*, int, int)",1,"l1_cache_local_hit_rate","L1 Local Hit Rate",0.000000%,0.000000%,0.000000%
"Tesla K80 (0)","void IpScan_KernelAnalysis<IpScan_ipScanAnalysis_t, IpScan_ipScanAnalysis_t>(packet_t*, IpScan_ipScanAnalysis_t*, IpScan_ipScanAnalysis_t*, analysisState_t, int*, char*, int*, int*, int*, int*, int*, int, int)",1,"sm_efficiency","Multiprocessor Activity",87.257350%,87.257350%,87.257350%
"Tesla K80 (0)","void IpScan_KernelAnalysis<IpScan_ipScanAnalysis_t, IpScan_ipScanAnalysis_t>(packet_t*, IpScan_ipScanAnalysis_t*, IpScan_ipScanAnalysis_t*, analysisState_t, int*, char*, int*, int*, int*, int*, int*, int, int)",1,"ipc","Executed IPC",0.065687,0.065687,0.065687
"Tesla K80 (0)","void IpScan_KernelAnalysis<IpScan_ipScanAnalysis_t, IpScan_ipScanAnalysis_t>(packet_t*, IpScan_ipScanAnalysis_t*, IpScan_ipScanAnalysis_t*, analysisState_t, int*, char*, int*, int*, int*, int*, int*, int, int)",1,"achieved_occupancy","Achieved Occupancy",0.540094,0.540094,0.540094
"Tesla K80 (0)","void IpScan_KernelAnalysis<IpScan_ipScanAnalysis_t, IpScan_ipScanAnalysis_t>(packet_t*, IpScan_ipScanAnalysis_t*, IpScan_ipScanAnalysis_t*, analysisState_t, int*, char*, int*, int*, int*, int*, int*, int, int)",1,"gld_requested_throughput","Requested Global Load Throughput",1.438994GB/s,1.438994GB/s,1.438994GB/s
"Tesla K80 (0)","void IpScan_KernelAnalysis<IpScan_ipScanAnalysis_t, IpScan_ipScanAnalysis_t>(packet_t*, IpScan_ipScanAnalysis_t*, IpScan_ipScanAnalysis_t*, analysisState_t, int*, char*, int*, int*, int*, int*, int*, int, int)",1,"gst_requested_throughput","Requested Global Store Throughput",9.056143GB/s,9.056143GB/s,9.056143GB/s
"Tesla K80 (0)","void IpScan_KernelAnalysis<IpScan_ipScanAnalysis_t, IpScan_ipScanAnalysis_t>(packet_t*, IpScan_ipScanAnalysis_t*, IpScan_ipScanAnalysis_t*, analysisState_t, int*, char*, int*, int*, int*, int*, int*, int, int)",1,"sm_efficiency_instance","Multiprocessor Activity",87.257350%,87.257350%,87.257350%
"Tesla K80 (0)","void IpScan_KernelAnalysis<IpScan_ipScanAnalysis_t, IpScan_ipScanAnalysis_t>(packet_t*, IpScan_ipScanAnalysis_t*, IpScan_ipScanAnalysis_t*, analysisState_t, int*, char*, int*, int*, int*, int*, int*, int, int)",1,"ipc_instance","Executed IPC",0.065687,0.065687,0.065687
"Tesla K80 (0)","void IpScan_KernelAnalysis<IpScan_ipScanAnalysis_t, IpScan_ipScanAnalysis_t>(packet_t*, IpScan_ipScanAnalysis_t*, IpScan_ipScanAnalysis_t*, analysisState_t, int*, char*, int*, int*, int*, int*, int*, int, int)",1,"inst_replay_overhead","Instruction Replay Overhead",10.583853,10.583853,10.583853
"Tesla K80 (0)","void IpScan_KernelAnalysis<IpScan_ipScanAnalysis_t, IpScan_ipScanAnalysis_t>(packet_t*, IpScan_ipScanAnalysis_t*, IpScan_ipScanAnalysis_t*, analysisState_t, int*, char*, int*, int*, int*, int*, int*, int, int)",1,"shared_replay_overhead","Shared Memory Replay Overhead",0.014985,0.014985,0.014985
"Tesla K80 (0)","void IpScan_KernelAnalysis<IpScan_ipScanAnalysis_t, IpScan_ipScanAnalysis_t>(packet_t*, IpScan_ipScanAnalysis_t*, IpScan_ipScanAnalysis_t*, analysisState_t, int*, char*, int*, int*, int*, int*, int*, int, int)",1,"global_replay_overhead","Global Memory Replay Overhead",3.808854,3.808854,3.808854
"Tesla K80 (0)","void IpScan_KernelAnalysis<IpScan_ipScanAnalysis_t, IpScan_ipScanAnalysis_t>(packet_t*, IpScan_ipScanAnalysis_t*, IpScan_ipScanAnalysis_t*, analysisState_t, int*, char*, int*, int*, int*, int*, int*, int, int)",1,"global_cache_replay_overhead","Global Memory Cache Replay Overhead",0.000000,0.000000,0.000000
"Tesla K80 (0)","void IpScan_KernelAnalysis<IpScan_ipScanAnalysis_t, IpScan_ipScanAnalysis_t>(packet_t*, IpScan_ipScanAnalysis_t*, IpScan_ipScanAnalysis_t*, analysisState_t, int*, char*, int*, int*, int*, int*, int*, int, int)",1,"tex_cache_hit_rate","Texture Cache Hit Rate",0.000000%,0.000000%,0.000000%
"Tesla K80 (0)","void IpScan_KernelAnalysis<IpScan_ipScanAnalysis_t, IpScan_ipScanAnalysis_t>(packet_t*, IpScan_ipScanAnalysis_t*, IpScan_ipScanAnalysis_t*, analysisState_t, int*, char*, int*, int*, int*, int*, int*, int, int)",1,"tex_cache_throughput","Texture Cache Throughput",0.000000B/s,0.000000B/s,0.000000B/s
"Tesla K80 (0)","void IpScan_KernelAnalysis<IpScan_ipScanAnalysis_t, IpScan_ipScanAnalysis_t>(packet_t*, IpScan_ipScanAnalysis_t*, IpScan_ipScanAnalysis_t*, analysisState_t, int*, char*, int*, int*, int*, int*, int*, int, int)",1,"dram_read_throughput","Device Memory Read Throughput",51.511761GB/s,51.511761GB/s,51.511761GB/s
"Tesla K80 (0)","void IpScan_KernelAnalysis<IpScan_ipScanAnalysis_t, IpScan_ipScanAnalysis_t>(packet_t*, IpScan_ipScanAnalysis_t*, IpScan_ipScanAnalysis_t*, analysisState_t, int*, char*, int*, int*, int*, int*, int*, int, int)",1,"dram_write_throughput","Device Memory Write Throughput",76.992031GB/s,76.992031GB/s,76.992031GB/s
"Tesla K80 (0)","void IpScan_KernelAnalysis<IpScan_ipScanAnalysis_t, IpScan_ipScanAnalysis_t>(packet_t*, IpScan_ipScanAnalysis_t*, IpScan_ipScanAnalysis_t*, analysisState_t, int*, char*, int*, int*, int*, int*, int*, int, int)",1,"gst_throughput","Global Store Throughput",69.552060GB/s,69.552060GB/s,69.552060GB/s
"Tesla K80 (0)","void IpScan_KernelAnalysis<IpScan_ipScanAnalysis_t, IpScan_ipScanAnalysis_t>(packet_t*, IpScan_ipScanAnalysis_t*, IpScan_ipScanAnalysis_t*, analysisState_t, int*, char*, int*, int*, int*, int*, int*, int, int)",1,"gld_throughput","Global Load Throughput",5.941603GB/s,5.941603GB/s,5.941603GB/s
"Tesla K80 (0)","void IpScan_KernelAnalysis<IpScan_ipScanAnalysis_t, IpScan_ipScanAnalysis_t>(packet_t*, IpScan_ipScanAnalysis_t*, IpScan_ipScanAnalysis_t*, analysisState_t, int*, char*, int*, int*, int*, int*, int*, int, int)",1,"local_replay_overhead","Local Memory Cache Replay Overhead",0.000000,0.000000,0.000000
"Tesla K80 (0)","void IpScan_KernelAnalysis<IpScan_ipScanAnalysis_t, IpScan_ipScanAnalysis_t>(packet_t*, IpScan_ipScanAnalysis_t*, IpScan_ipScanAnalysis_t*, analysisState_t, int*, char*, int*, int*, int*, int*, int*, int, int)",1,"shared_efficiency","Shared Memory Efficiency",29.396164%,29.396164%,29.396164%
"Tesla K80 (0)","void IpScan_KernelAnalysis<IpScan_ipScanAnalysis_t, IpScan_ipScanAnalysis_t>(packet_t*, IpScan_ipScanAnalysis_t*, IpScan_ipScanAnalysis_t*, analysisState_t, int*, char*, int*, int*, int*, int*, int*, int, int)",1,"gld_efficiency","Global Memory Load Efficiency",24.218957%,24.218957%,24.218957%
"Tesla K80 (0)","void IpScan_KernelAnalysis<IpScan_ipScanAnalysis_t, IpScan_ipScanAnalysis_t>(packet_t*, IpScan_ipScanAnalysis_t*, IpScan_ipScanAnalysis_t*, analysisState_t, int*, char*, int*, int*, int*, int*, int*, int, int)",1,"gst_efficiency","Global Memory Store Efficiency",13.020669%,13.020669%,13.020669%
"Tesla K80 (0)","void IpScan_KernelAnalysis<IpScan_ipScanAnalysis_t, IpScan_ipScanAnalysis_t>(packet_t*, IpScan_ipScanAnalysis_t*, IpScan_ipScanAnalysis_t*, analysisState_t, int*, char*, int*, int*, int*, int*, int*, int, int)",1,"l2_l1_read_hit_rate","L2 Hit Rate (L1 Reads)",89.974075%,89.974075%,89.974075%
"Tesla K80 (0)","void IpScan_KernelAnalysis<IpScan_ipScanAnalysis_t, IpScan_ipScanAnalysis_t>(packet_t*, IpScan_ipScanAnalysis_t*, IpScan_ipScanAnalysis_t*, analysisState_t, int*, char*, int*, int*, int*, int*, int*, int, int)",1,"l2_texture_read_hit_rate","L2 Hit Rate (Texture Reads)",0.000000%,0.000000%,0.000000%
"Tesla K80 (0)","void IpScan_KernelAnalysis<IpScan_ipScanAnalysis_t, IpScan_ipScanAnalysis_t>(packet_t*, IpScan_ipScanAnalysis_t*, IpScan_ipScanAnalysis_t*, analysisState_t, int*, char*, int*, int*, int*, int*, int*, int, int)",1,"l2_l1_read_throughput","L2 Throughput (L1 Reads)",5.941603GB/s,5.941603GB/s,5.941603GB/s
"Tesla K80 (0)","void IpScan_KernelAnalysis<IpScan_ipScanAnalysis_t, IpScan_ipScanAnalysis_t>(packet_t*, IpScan_ipScanAnalysis_t*, IpScan_ipScanAnalysis_t*, analysisState_t, int*, char*, int*, int*, int*, int*, int*, int, int)",1,"l2_texture_read_throughput","L2 Throughput (Texture Reads)",0.000000B/s,0.000000B/s,0.000000B/s
"Tesla K80 (0)","void IpScan_KernelAnalysis<IpScan_ipScanAnalysis_t, IpScan_ipScanAnalysis_t>(packet_t*, IpScan_ipScanAnalysis_t*, IpScan_ipScanAnalysis_t*, analysisState_t, int*, char*, int*, int*, int*, int*, int*, int, int)",1,"local_memory_overhead","Local Memory Overhead",0.000000%,0.000000%,0.000000%
"Tesla K80 (0)","void IpScan_KernelAnalysis<IpScan_ipScanAnalysis_t, IpScan_ipScanAnalysis_t>(packet_t*, IpScan_ipScanAnalysis_t*, IpScan_ipScanAnalysis_t*, analysisState_t, int*, char*, int*, int*, int*, int*, int*, int, int)",1,"warp_execution_efficiency","Warp Execution Efficiency",94.687074%,94.687074%,94.687074%
"Tesla K80 (0)","void IpScan_KernelAnalysis<IpScan_ipScanAnalysis_t, IpScan_ipScanAnalysis_t>(packet_t*, IpScan_ipScanAnalysis_t*, IpScan_ipScanAnalysis_t*, analysisState_t, int*, char*, int*, int*, int*, int*, int*, int, int)",1,"nc_gld_requested_throughput","Requested Non-Coherent Global Load Throughput",0.000000B/s,0.000000B/s,0.000000B/s
"Tesla K80 (0)","void IpScan_KernelAnalysis<IpScan_ipScanAnalysis_t, IpScan_ipScanAnalysis_t>(packet_t*, IpScan_ipScanAnalysis_t*, IpScan_ipScanAnalysis_t*, analysisState_t, int*, char*, int*, int*, int*, int*, int*, int, int)",1,"issued_ipc","Issued IPC",0.799320,0.799320,0.799320
"Tesla K80 (0)","void IpScan_KernelAnalysis<IpScan_ipScanAnalysis_t, IpScan_ipScanAnalysis_t>(packet_t*, IpScan_ipScanAnalysis_t*, IpScan_ipScanAnalysis_t*, analysisState_t, int*, char*, int*, int*, int*, int*, int*, int, int)",1,"inst_per_warp","Instructions per warp",35.626736,35.626736,35.626736
"Tesla K80 (0)","void IpScan_KernelAnalysis<IpScan_ipScanAnalysis_t, IpScan_ipScanAnalysis_t>(packet_t*, IpScan_ipScanAnalysis_t*, IpScan_ipScanAnalysis_t*, analysisState_t, int*, char*, int*, int*, int*, int*, int*, int, int)",1,"issue_slot_utilization","Issue Slot Utilization",19.354363%,19.354363%,19.354363%
"Tesla K80 (0)","void IpScan_KernelAnalysis<IpScan_ipScanAnalysis_t, IpScan_ipScanAnalysis_t>(packet_t*, IpScan_ipScanAnalysis_t*, IpScan_ipScanAnalysis_t*, analysisState_t, int*, char*, int*, int*, int*, int*, int*, int, int)",1,"local_load_transactions_per_request","Local Memory Load Transactions Per Request",0.000000,0.000000,0.000000
"Tesla K80 (0)","void IpScan_KernelAnalysis<IpScan_ipScanAnalysis_t, IpScan_ipScanAnalysis_t>(packet_t*, IpScan_ipScanAnalysis_t*, IpScan_ipScanAnalysis_t*, analysisState_t, int*, char*, int*, int*, int*, int*, int*, int, int)",1,"local_store_transactions_per_request","Local Memory Store Transactions Per Request",0.000000,0.000000,0.000000
"Tesla K80 (0)","void IpScan_KernelAnalysis<IpScan_ipScanAnalysis_t, IpScan_ipScanAnalysis_t>(packet_t*, IpScan_ipScanAnalysis_t*, IpScan_ipScanAnalysis_t*, analysisState_t, int*, char*, int*, int*, int*, int*, int*, int, int)",1,"shared_load_transactions_per_request","Shared Memory Load Transactions Per Request",1.346154,1.346154,1.346154
"Tesla K80 (0)","void IpScan_KernelAnalysis<IpScan_ipScanAnalysis_t, IpScan_ipScanAnalysis_t>(packet_t*, IpScan_ipScanAnalysis_t*, IpScan_ipScanAnalysis_t*, analysisState_t, int*, char*, int*, int*, int*, int*, int*, int, int)",1,"shared_store_transactions_per_request","Shared Memory Store Transactions Per Request",1.979592,1.979592,1.979592
"Tesla K80 (0)","void IpScan_KernelAnalysis<IpScan_ipScanAnalysis_t, IpScan_ipScanAnalysis_t>(packet_t*, IpScan_ipScanAnalysis_t*, IpScan_ipScanAnalysis_t*, analysisState_t, int*, char*, int*, int*, int*, int*, int*, int, int)",1,"gld_transactions_per_request","Global Load Transactions Per Request",6.935707,6.935707,6.935707
"Tesla K80 (0)","void IpScan_KernelAnalysis<IpScan_ipScanAnalysis_t, IpScan_ipScanAnalysis_t>(packet_t*, IpScan_ipScanAnalysis_t*, IpScan_ipScanAnalysis_t*, analysisState_t, int*, char*, int*, int*, int*, int*, int*, int, int)",1,"gst_transactions_per_request","Global Store Transactions Per Request",21.789459,21.789459,21.789459
"Tesla K80 (0)","void IpScan_KernelAnalysis<IpScan_ipScanAnalysis_t, IpScan_ipScanAnalysis_t>(packet_t*, IpScan_ipScanAnalysis_t*, IpScan_ipScanAnalysis_t*, analysisState_t, int*, char*, int*, int*, int*, int*, int*, int, int)",1,"local_load_transactions","Local Load Transactions",0,0,0
"Tesla K80 (0)","void IpScan_KernelAnalysis<IpScan_ipScanAnalysis_t, IpScan_ipScanAnalysis_t>(packet_t*, IpScan_ipScanAnalysis_t*, IpScan_ipScanAnalysis_t*, analysisState_t, int*, char*, int*, int*, int*, int*, int*, int, int)",1,"local_store_transactions","Local Store Transactions",0,0,0
"Tesla K80 (0)","void IpScan_KernelAnalysis<IpScan_ipScanAnalysis_t, IpScan_ipScanAnalysis_t>(packet_t*, IpScan_ipScanAnalysis_t*, IpScan_ipScanAnalysis_t*, analysisState_t, int*, char*, int*, int*, int*, int*, int*, int, int)",1,"shared_load_transactions","Shared Load Transactions",1050,1050,1050
"Tesla K80 (0)","void IpScan_KernelAnalysis<IpScan_ipScanAnalysis_t, IpScan_ipScanAnalysis_t>(packet_t*, IpScan_ipScanAnalysis_t*, IpScan_ipScanAnalysis_t*, analysisState_t, int*, char*, int*, int*, int*, int*, int*, int, int)",1,"shared_store_transactions","Shared Store Transactions",1940,1940,1940
"Tesla K80 (0)","void IpScan_KernelAnalysis<IpScan_ipScanAnalysis_t, IpScan_ipScanAnalysis_t>(packet_t*, IpScan_ipScanAnalysis_t*, IpScan_ipScanAnalysis_t*, analysisState_t, int*, char*, int*, int*, int*, int*, int*, int, int)",1,"gld_transactions","Global Load Transactions",26106,26106,26106
"Tesla K80 (0)","void IpScan_KernelAnalysis<IpScan_ipScanAnalysis_t, IpScan_ipScanAnalysis_t>(packet_t*, IpScan_ipScanAnalysis_t*, IpScan_ipScanAnalysis_t*, analysisState_t, int*, char*, int*, int*, int*, int*, int*, int, int)",1,"gst_transactions","Global Store Transactions",304268,304268,304268
"Tesla K80 (0)","void IpScan_KernelAnalysis<IpScan_ipScanAnalysis_t, IpScan_ipScanAnalysis_t>(packet_t*, IpScan_ipScanAnalysis_t*, IpScan_ipScanAnalysis_t*, analysisState_t, int*, char*, int*, int*, int*, int*, int*, int, int)",1,"sysmem_read_transactions","System Memory Read Transactions",200,200,200
"Tesla K80 (0)","void IpScan_KernelAnalysis<IpScan_ipScanAnalysis_t, IpScan_ipScanAnalysis_t>(packet_t*, IpScan_ipScanAnalysis_t*, IpScan_ipScanAnalysis_t*, analysisState_t, int*, char*, int*, int*, int*, int*, int*, int, int)",1,"sysmem_write_transactions","System Memory Write Transactions",1,1,1
"Tesla K80 (0)","void IpScan_KernelAnalysis<IpScan_ipScanAnalysis_t, IpScan_ipScanAnalysis_t>(packet_t*, IpScan_ipScanAnalysis_t*, IpScan_ipScanAnalysis_t*, analysisState_t, int*, char*, int*, int*, int*, int*, int*, int, int)",1,"tex_cache_transactions","Texture Cache Transactions",0,0,0
"Tesla K80 (0)","void IpScan_KernelAnalysis<IpScan_ipScanAnalysis_t, IpScan_ipScanAnalysis_t>(packet_t*, IpScan_ipScanAnalysis_t*, IpScan_ipScanAnalysis_t*, analysisState_t, int*, char*, int*, int*, int*, int*, int*, int, int)",1,"dram_read_transactions","Device Memory Read Transactions",327731,327731,327731
"Tesla K80 (0)","void IpScan_KernelAnalysis<IpScan_ipScanAnalysis_t, IpScan_ipScanAnalysis_t>(packet_t*, IpScan_ipScanAnalysis_t*, IpScan_ipScanAnalysis_t*, analysisState_t, int*, char*, int*, int*, int*, int*, int*, int, int)",1,"dram_write_transactions","Device Memory Write Transactions",489843,489843,489843
"Tesla K80 (0)","void IpScan_KernelAnalysis<IpScan_ipScanAnalysis_t, IpScan_ipScanAnalysis_t>(packet_t*, IpScan_ipScanAnalysis_t*, IpScan_ipScanAnalysis_t*, analysisState_t, int*, char*, int*, int*, int*, int*, int*, int, int)",1,"l2_read_transactions","L2 Read Transactions",38328,38328,38328
"Tesla K80 (0)","void IpScan_KernelAnalysis<IpScan_ipScanAnalysis_t, IpScan_ipScanAnalysis_t>(packet_t*, IpScan_ipScanAnalysis_t*, IpScan_ipScanAnalysis_t*, analysisState_t, int*, char*, int*, int*, int*, int*, int*, int, int)",1,"l2_write_transactions","L2 Write Transactions",640011,640011,640011
"Tesla K80 (0)","void IpScan_KernelAnalysis<IpScan_ipScanAnalysis_t, IpScan_ipScanAnalysis_t>(packet_t*, IpScan_ipScanAnalysis_t*, IpScan_ipScanAnalysis_t*, analysisState_t, int*, char*, int*, int*, int*, int*, int*, int, int)",1,"local_load_throughput","Local Memory Load Throughput",0.000000B/s,0.000000B/s,0.000000B/s
"Tesla K80 (0)","void IpScan_KernelAnalysis<IpScan_ipScanAnalysis_t, IpScan_ipScanAnalysis_t>(packet_t*, IpScan_ipScanAnalysis_t*, IpScan_ipScanAnalysis_t*, analysisState_t, int*, char*, int*, int*, int*, int*, int*, int, int)",1,"local_store_throughput","Local Memory Store Throughput",0.000000B/s,0.000000B/s,0.000000B/s
"Tesla K80 (0)","void IpScan_KernelAnalysis<IpScan_ipScanAnalysis_t, IpScan_ipScanAnalysis_t>(packet_t*, IpScan_ipScanAnalysis_t*, IpScan_ipScanAnalysis_t*, analysisState_t, int*, char*, int*, int*, int*, int*, int*, int, int)",1,"shared_load_throughput","Shared Memory Load Throughput",1.320286GB/s,1.320286GB/s,1.320286GB/s
"Tesla K80 (0)","void IpScan_KernelAnalysis<IpScan_ipScanAnalysis_t, IpScan_ipScanAnalysis_t>(packet_t*, IpScan_ipScanAnalysis_t*, IpScan_ipScanAnalysis_t*, analysisState_t, int*, char*, int*, int*, int*, int*, int*, int, int)",1,"shared_store_throughput","Shared Memory Store Throughput",2.439386GB/s,2.439386GB/s,2.439386GB/s
"Tesla K80 (0)","void IpScan_KernelAnalysis<IpScan_ipScanAnalysis_t, IpScan_ipScanAnalysis_t>(packet_t*, IpScan_ipScanAnalysis_t*, IpScan_ipScanAnalysis_t*, analysisState_t, int*, char*, int*, int*, int*, int*, int*, int, int)",1,"l2_read_throughput","L2 Throughput (Reads)",6.024278GB/s,6.024278GB/s,6.024278GB/s
"Tesla K80 (0)","void IpScan_KernelAnalysis<IpScan_ipScanAnalysis_t, IpScan_ipScanAnalysis_t>(packet_t*, IpScan_ipScanAnalysis_t*, IpScan_ipScanAnalysis_t*, analysisState_t, int*, char*, int*, int*, int*, int*, int*, int, int)",1,"l2_write_throughput","L2 Throughput (Writes)",100.594980GB/s,100.594980GB/s,100.594980GB/s
"Tesla K80 (0)","void IpScan_KernelAnalysis<IpScan_ipScanAnalysis_t, IpScan_ipScanAnalysis_t>(packet_t*, IpScan_ipScanAnalysis_t*, IpScan_ipScanAnalysis_t*, analysisState_t, int*, char*, int*, int*, int*, int*, int*, int, int)",1,"sysmem_read_throughput","System Memory Read Throughput",32.189840MB/s,32.189840MB/s,32.189840MB/s
"Tesla K80 (0)","void IpScan_KernelAnalysis<IpScan_ipScanAnalysis_t, IpScan_ipScanAnalysis_t>(packet_t*, IpScan_ipScanAnalysis_t*, IpScan_ipScanAnalysis_t*, analysisState_t, int*, char*, int*, int*, int*, int*, int*, int, int)",1,"sysmem_write_throughput","System Memory Write Throughput",164.811523KB/s,164.811523KB/s,164.811523KB/s
"Tesla K80 (0)","void IpScan_KernelAnalysis<IpScan_ipScanAnalysis_t, IpScan_ipScanAnalysis_t>(packet_t*, IpScan_ipScanAnalysis_t*, IpScan_ipScanAnalysis_t*, analysisState_t, int*, char*, int*, int*, int*, int*, int*, int, int)",1,"warp_nonpred_execution_efficiency","Warp Non-Predicated Execution Efficiency",94.210504%,94.210504%,94.210504%
"Tesla K80 (0)","void IpScan_KernelAnalysis<IpScan_ipScanAnalysis_t, IpScan_ipScanAnalysis_t>(packet_t*, IpScan_ipScanAnalysis_t*, IpScan_ipScanAnalysis_t*, analysisState_t, int*, char*, int*, int*, int*, int*, int*, int, int)",1,"cf_issued","Issued Control-Flow Instructions",19484,19484,19484
"Tesla K80 (0)","void IpScan_KernelAnalysis<IpScan_ipScanAnalysis_t, IpScan_ipScanAnalysis_t>(packet_t*, IpScan_ipScanAnalysis_t*, IpScan_ipScanAnalysis_t*, analysisState_t, int*, char*, int*, int*, int*, int*, int*, int, int)",1,"cf_executed","Executed Control-Flow Instructions",15624,15624,15624
"Tesla K80 (0)","void IpScan_KernelAnalysis<IpScan_ipScanAnalysis_t, IpScan_ipScanAnalysis_t>(packet_t*, IpScan_ipScanAnalysis_t*, IpScan_ipScanAnalysis_t*, analysisState_t, int*, char*, int*, int*, int*, int*, int*, int, int)",1,"ldst_issued","Issued Load/Store Instructions",860312,860312,860312
"Tesla K80 (0)","void IpScan_KernelAnalysis<IpScan_ipScanAnalysis_t, IpScan_ipScanAnalysis_t>(packet_t*, IpScan_ipScanAnalysis_t*, IpScan_ipScanAnalysis_t*, analysisState_t, int*, char*, int*, int*, int*, int*, int*, int, int)",1,"ldst_executed","Executed Load/Store Instructions",19538,19538,19538
"Tesla K80 (0)","void IpScan_KernelAnalysis<IpScan_ipScanAnalysis_t, IpScan_ipScanAnalysis_t>(packet_t*, IpScan_ipScanAnalysis_t*, IpScan_ipScanAnalysis_t*, analysisState_t, int*, char*, int*, int*, int*, int*, int*, int, int)",1,"flop_count_sp","Floating Point Operations(Single Precision)",0,0,0
"Tesla K80 (0)","void IpScan_KernelAnalysis<IpScan_ipScanAnalysis_t, IpScan_ipScanAnalysis_t>(packet_t*, IpScan_ipScanAnalysis_t*, IpScan_ipScanAnalysis_t*, analysisState_t, int*, char*, int*, int*, int*, int*, int*, int, int)",1,"flop_count_sp_add","Floating Point Operations(Single Precision Add)",0,0,0
"Tesla K80 (0)","void IpScan_KernelAnalysis<IpScan_ipScanAnalysis_t, IpScan_ipScanAnalysis_t>(packet_t*, IpScan_ipScanAnalysis_t*, IpScan_ipScanAnalysis_t*, analysisState_t, int*, char*, int*, int*, int*, int*, int*, int, int)",1,"flop_count_sp_mul","Floating Point Operation(Single Precision Mul)",0,0,0
"Tesla K80 (0)","void IpScan_KernelAnalysis<IpScan_ipScanAnalysis_t, IpScan_ipScanAnalysis_t>(packet_t*, IpScan_ipScanAnalysis_t*, IpScan_ipScanAnalysis_t*, analysisState_t, int*, char*, int*, int*, int*, int*, int*, int, int)",1,"flop_count_sp_fma","Floating Point Operations(Single Precision FMA)",0,0,0
"Tesla K80 (0)","void IpScan_KernelAnalysis<IpScan_ipScanAnalysis_t, IpScan_ipScanAnalysis_t>(packet_t*, IpScan_ipScanAnalysis_t*, IpScan_ipScanAnalysis_t*, analysisState_t, int*, char*, int*, int*, int*, int*, int*, int, int)",1,"flop_count_dp","Floating Point Operations(Double Precision)",0,0,0
"Tesla K80 (0)","void IpScan_KernelAnalysis<IpScan_ipScanAnalysis_t, IpScan_ipScanAnalysis_t>(packet_t*, IpScan_ipScanAnalysis_t*, IpScan_ipScanAnalysis_t*, analysisState_t, int*, char*, int*, int*, int*, int*, int*, int, int)",1,"flop_count_dp_add","Floating Point Operations(Double Precision Add)",0,0,0
"Tesla K80 (0)","void IpScan_KernelAnalysis<IpScan_ipScanAnalysis_t, IpScan_ipScanAnalysis_t>(packet_t*, IpScan_ipScanAnalysis_t*, IpScan_ipScanAnalysis_t*, analysisState_t, int*, char*, int*, int*, int*, int*, int*, int, int)",1,"flop_count_dp_mul","Floating Point Operations(Double Precision Mul)",0,0,0
"Tesla K80 (0)","void IpScan_KernelAnalysis<IpScan_ipScanAnalysis_t, IpScan_ipScanAnalysis_t>(packet_t*, IpScan_ipScanAnalysis_t*, IpScan_ipScanAnalysis_t*, analysisState_t, int*, char*, int*, int*, int*, int*, int*, int, int)",1,"flop_count_dp_fma","Floating Point Operations(Double Precison FMA)",0,0,0
"Tesla K80 (0)","void IpScan_KernelAnalysis<IpScan_ipScanAnalysis_t, IpScan_ipScanAnalysis_t>(packet_t*, IpScan_ipScanAnalysis_t*, IpScan_ipScanAnalysis_t*, analysisState_t, int*, char*, int*, int*, int*, int*, int*, int, int)",1,"flop_count_sp_special","Floating Point Operations(Single Precision Special)",0,0,0
"Tesla K80 (0)","void IpScan_KernelAnalysis<IpScan_ipScanAnalysis_t, IpScan_ipScanAnalysis_t>(packet_t*, IpScan_ipScanAnalysis_t*, IpScan_ipScanAnalysis_t*, analysisState_t, int*, char*, int*, int*, int*, int*, int*, int, int)",1,"stall_inst_fetch","Issue Stall Reasons (Instructions Fetch)",0.192560%,0.192560%,0.192560%
"Tesla K80 (0)","void IpScan_KernelAnalysis<IpScan_ipScanAnalysis_t, IpScan_ipScanAnalysis_t>(packet_t*, IpScan_ipScanAnalysis_t*, IpScan_ipScanAnalysis_t*, analysisState_t, int*, char*, int*, int*, int*, int*, int*, int, int)",1,"stall_exec_dependency","Issue Stall Reasons (Execution Dependency)",1.411822%,1.411822%,1.411822%
"Tesla K80 (0)","void IpScan_KernelAnalysis<IpScan_ipScanAnalysis_t, IpScan_ipScanAnalysis_t>(packet_t*, IpScan_ipScanAnalysis_t*, IpScan_ipScanAnalysis_t*, analysisState_t, int*, char*, int*, int*, int*, int*, int*, int, int)",1,"stall_memory_dependency","Issue Stall Reasons (Data Request)",2.393152%,2.393152%,2.393152%
"Tesla K80 (0)","void IpScan_KernelAnalysis<IpScan_ipScanAnalysis_t, IpScan_ipScanAnalysis_t>(packet_t*, IpScan_ipScanAnalysis_t*, IpScan_ipScanAnalysis_t*, analysisState_t, int*, char*, int*, int*, int*, int*, int*, int, int)",1,"stall_texture","Issue Stall Reasons (Texture)",0.000000%,0.000000%,0.000000%
"Tesla K80 (0)","void IpScan_KernelAnalysis<IpScan_ipScanAnalysis_t, IpScan_ipScanAnalysis_t>(packet_t*, IpScan_ipScanAnalysis_t*, IpScan_ipScanAnalysis_t*, analysisState_t, int*, char*, int*, int*, int*, int*, int*, int, int)",1,"stall_sync","Issue Stall Reasons (Synchronization)",12.732737%,12.732737%,12.732737%
"Tesla K80 (0)","void IpScan_KernelAnalysis<IpScan_ipScanAnalysis_t, IpScan_ipScanAnalysis_t>(packet_t*, IpScan_ipScanAnalysis_t*, IpScan_ipScanAnalysis_t*, analysisState_t, int*, char*, int*, int*, int*, int*, int*, int, int)",1,"stall_other","Issue Stall Reasons (Other)",0.220389%,0.220389%,0.220389%
"Tesla K80 (0)","void IpScan_KernelAnalysis<IpScan_ipScanAnalysis_t, IpScan_ipScanAnalysis_t>(packet_t*, IpScan_ipScanAnalysis_t*, IpScan_ipScanAnalysis_t*, analysisState_t, int*, char*, int*, int*, int*, int*, int*, int, int)",1,"l1_shared_utilization","L1/Shared Memory Utilization","Low (1)","Low (1)","Low (1)"
"Tesla K80 (0)","void IpScan_KernelAnalysis<IpScan_ipScanAnalysis_t, IpScan_ipScanAnalysis_t>(packet_t*, IpScan_ipScanAnalysis_t*, IpScan_ipScanAnalysis_t*, analysisState_t, int*, char*, int*, int*, int*, int*, int*, int, int)",1,"l2_utilization","L2 Cache Utilization","Low (3)","Low (3)","Low (3)"
"Tesla K80 (0)","void IpScan_KernelAnalysis<IpScan_ipScanAnalysis_t, IpScan_ipScanAnalysis_t>(packet_t*, IpScan_ipScanAnalysis_t*, IpScan_ipScanAnalysis_t*, analysisState_t, int*, char*, int*, int*, int*, int*, int*, int, int)",1,"tex_utilization","Texture Cache Utilization","Idle (0)","Idle (0)","Idle (0)"
"Tesla K80 (0)","void IpScan_KernelAnalysis<IpScan_ipScanAnalysis_t, IpScan_ipScanAnalysis_t>(packet_t*, IpScan_ipScanAnalysis_t*, IpScan_ipScanAnalysis_t*, analysisState_t, int*, char*, int*, int*, int*, int*, int*, int, int)",1,"dram_utilization","Device Memory Utilization","Mid (6)","Mid (6)","Mid (6)"
"Tesla K80 (0)","void IpScan_KernelAnalysis<IpScan_ipScanAnalysis_t, IpScan_ipScanAnalysis_t>(packet_t*, IpScan_ipScanAnalysis_t*, IpScan_ipScanAnalysis_t*, analysisState_t, int*, char*, int*, int*, int*, int*, int*, int, int)",1,"sysmem_utilization","System Memory Utilization","Low (1)","Low (1)","Low (1)"
"Tesla K80 (0)","void IpScan_KernelAnalysis<IpScan_ipScanAnalysis_t, IpScan_ipScanAnalysis_t>(packet_t*, IpScan_ipScanAnalysis_t*, IpScan_ipScanAnalysis_t*, analysisState_t, int*, char*, int*, int*, int*, int*, int*, int, int)",1,"ldst_fu_utilization","Load/Store Function Unit Utilization","High (8)","High (8)","High (8)"
"Tesla K80 (0)","void IpScan_KernelAnalysis<IpScan_ipScanAnalysis_t, IpScan_ipScanAnalysis_t>(packet_t*, IpScan_ipScanAnalysis_t*, IpScan_ipScanAnalysis_t*, analysisState_t, int*, char*, int*, int*, int*, int*, int*, int, int)",1,"alu_fu_utilization","Arithmetic Function Unit Utilization","Low (1)","Low (1)","Low (1)"
"Tesla K80 (0)","void IpScan_KernelAnalysis<IpScan_ipScanAnalysis_t, IpScan_ipScanAnalysis_t>(packet_t*, IpScan_ipScanAnalysis_t*, IpScan_ipScanAnalysis_t*, analysisState_t, int*, char*, int*, int*, int*, int*, int*, int, int)",1,"cf_fu_utilization","Control-Flow Function Unit Utilization","Low (1)","Low (1)","Low (1)"
"Tesla K80 (0)","void IpScan_KernelAnalysis<IpScan_ipScanAnalysis_t, IpScan_ipScanAnalysis_t>(packet_t*, IpScan_ipScanAnalysis_t*, IpScan_ipScanAnalysis_t*, analysisState_t, int*, char*, int*, int*, int*, int*, int*, int, int)",1,"tex_fu_utilization","Texture Function Unit Utilization","Idle (0)","Idle (0)","Idle (0)"
"Tesla K80 (0)","void IpScan_KernelAnalysis<IpScan_ipScanAnalysis_t, IpScan_ipScanAnalysis_t>(packet_t*, IpScan_ipScanAnalysis_t*, IpScan_ipScanAnalysis_t*, analysisState_t, int*, char*, int*, int*, int*, int*, int*, int, int)",1,"inst_executed","Instructions Executed",82084,82084,82084
"Tesla K80 (0)","void IpScan_KernelAnalysis<IpScan_ipScanAnalysis_t, IpScan_ipScanAnalysis_t>(packet_t*, IpScan_ipScanAnalysis_t*, IpScan_ipScanAnalysis_t*, analysisState_t, int*, char*, int*, int*, int*, int*, int*, int, int)",1,"inst_issued","Instructions Issued",948432,948432,948432
"Tesla K80 (0)","void IpScan_KernelAnalysis<IpScan_ipScanAnalysis_t, IpScan_ipScanAnalysis_t>(packet_t*, IpScan_ipScanAnalysis_t*, IpScan_ipScanAnalysis_t*, analysisState_t, int*, char*, int*, int*, int*, int*, int*, int, int)",1,"issue_slots","Issue Slots",918596,918596,918596
"Tesla K80 (0)","void IpScan_KernelAnalysis<IpScan_ipScanAnalysis_t, IpScan_ipScanAnalysis_t>(packet_t*, IpScan_ipScanAnalysis_t*, IpScan_ipScanAnalysis_t*, analysisState_t, int*, char*, int*, int*, int*, int*, int*, int, int)",1,"nc_l2_read_throughput","L2 Throughput (Non-Coherent Reads)",0.000000B/s,0.000000B/s,0.000000B/s
"Tesla K80 (0)","void IpScan_KernelAnalysis<IpScan_ipScanAnalysis_t, IpScan_ipScanAnalysis_t>(packet_t*, IpScan_ipScanAnalysis_t*, IpScan_ipScanAnalysis_t*, analysisState_t, int*, char*, int*, int*, int*, int*, int*, int, int)",1,"nc_l2_read_transactions","L2 Non-Coherent Read Transactions",0,0,0
"Tesla K80 (0)","void IpScan_KernelAnalysis<IpScan_ipScanAnalysis_t, IpScan_ipScanAnalysis_t>(packet_t*, IpScan_ipScanAnalysis_t*, IpScan_ipScanAnalysis_t*, analysisState_t, int*, char*, int*, int*, int*, int*, int*, int, int)",1,"nc_cache_global_hit_rate","Non-Coherent Global Hit Rate",0.000000%,0.000000%,0.000000%
"Tesla K80 (0)","void IpScan_KernelAnalysis<IpScan_ipScanAnalysis_t, IpScan_ipScanAnalysis_t>(packet_t*, IpScan_ipScanAnalysis_t*, IpScan_ipScanAnalysis_t*, analysisState_t, int*, char*, int*, int*, int*, int*, int*, int, int)",1,"nc_gld_throughput","Non-Coherent Global Memory Load Throughput",0.000000B/s,0.000000B/s,0.000000B/s
"Tesla K80 (0)","void IpScan_KernelAnalysis<IpScan_ipScanAnalysis_t, IpScan_ipScanAnalysis_t>(packet_t*, IpScan_ipScanAnalysis_t*, IpScan_ipScanAnalysis_t*, analysisState_t, int*, char*, int*, int*, int*, int*, int*, int, int)",1,"nc_gld_efficiency","Non-Coherent Global Load Efficiency",0.000000%,0.000000%,0.000000%
"Tesla K80 (0)","void IpScan_KernelAnalysis<IpScan_ipScanAnalysis_t, IpScan_ipScanAnalysis_t>(packet_t*, IpScan_ipScanAnalysis_t*, IpScan_ipScanAnalysis_t*, analysisState_t, int*, char*, int*, int*, int*, int*, int*, int, int)",1,"l2_atomic_throughput","L2 Throughput (Atomic requests)",0.000000B/s,0.000000B/s,0.000000B/s
"Tesla K80 (0)","void IpScan_KernelAnalysis<IpScan_ipScanAnalysis_t, IpScan_ipScanAnalysis_t>(packet_t*, IpScan_ipScanAnalysis_t*, IpScan_ipScanAnalysis_t*, analysisState_t, int*, char*, int*, int*, int*, int*, int*, int, int)",1,"inst_fp_32","FP Instructions(Single)",0,0,0
"Tesla K80 (0)","void IpScan_KernelAnalysis<IpScan_ipScanAnalysis_t, IpScan_ipScanAnalysis_t>(packet_t*, IpScan_ipScanAnalysis_t*, IpScan_ipScanAnalysis_t*, analysisState_t, int*, char*, int*, int*, int*, int*, int*, int, int)",1,"inst_fp_64","FP Instructions(Double)",0,0,0
"Tesla K80 (0)","void IpScan_KernelAnalysis<IpScan_ipScanAnalysis_t, IpScan_ipScanAnalysis_t>(packet_t*, IpScan_ipScanAnalysis_t*, IpScan_ipScanAnalysis_t*, analysisState_t, int*, char*, int*, int*, int*, int*, int*, int, int)",1,"inst_integer","Integer Instructions",650224,650224,650224
"Tesla K80 (0)","void IpScan_KernelAnalysis<IpScan_ipScanAnalysis_t, IpScan_ipScanAnalysis_t>(packet_t*, IpScan_ipScanAnalysis_t*, IpScan_ipScanAnalysis_t*, analysisState_t, int*, char*, int*, int*, int*, int*, int*, int, int)",1,"inst_bit_convert","Bit-Convert Instructions",11500,11500,11500
"Tesla K80 (0)","void IpScan_KernelAnalysis<IpScan_ipScanAnalysis_t, IpScan_ipScanAnalysis_t>(packet_t*, IpScan_ipScanAnalysis_t*, IpScan_ipScanAnalysis_t*, analysisState_t, int*, char*, int*, int*, int*, int*, int*, int, int)",1,"inst_control","Control-Flow Instructions",82368,82368,82368
"Tesla K80 (0)","void IpScan_KernelAnalysis<IpScan_ipScanAnalysis_t, IpScan_ipScanAnalysis_t>(packet_t*, IpScan_ipScanAnalysis_t*, IpScan_ipScanAnalysis_t*, analysisState_t, int*, char*, int*, int*, int*, int*, int*, int, int)",1,"inst_compute_ld_st","Load/Store Instructions",593196,593196,593196
"Tesla K80 (0)","void IpScan_KernelAnalysis<IpScan_ipScanAnalysis_t, IpScan_ipScanAnalysis_t>(packet_t*, IpScan_ipScanAnalysis_t*, IpScan_ipScanAnalysis_t*, analysisState_t, int*, char*, int*, int*, int*, int*, int*, int, int)",1,"inst_misc","Misc Instructions",1052752,1052752,1052752
"Tesla K80 (0)","void IpScan_KernelAnalysis<IpScan_ipScanAnalysis_t, IpScan_ipScanAnalysis_t>(packet_t*, IpScan_ipScanAnalysis_t*, IpScan_ipScanAnalysis_t*, analysisState_t, int*, char*, int*, int*, int*, int*, int*, int, int)",1,"inst_inter_thread_communication","Inter-Thread Instructions",0,0,0
"Tesla K80 (0)","void IpScan_KernelAnalysis<IpScan_ipScanAnalysis_t, IpScan_ipScanAnalysis_t>(packet_t*, IpScan_ipScanAnalysis_t*, IpScan_ipScanAnalysis_t*, analysisState_t, int*, char*, int*, int*, int*, int*, int*, int, int)",1,"atomic_replay_overhead","Atomic Replay Overhead",0.000000,0.000000,0.000000
"Tesla K80 (0)","void IpScan_KernelAnalysis<IpScan_ipScanAnalysis_t, IpScan_ipScanAnalysis_t>(packet_t*, IpScan_ipScanAnalysis_t*, IpScan_ipScanAnalysis_t*, analysisState_t, int*, char*, int*, int*, int*, int*, int*, int, int)",1,"atomic_transactions","Atomic Transactions",0,0,0
"Tesla K80 (0)","void IpScan_KernelAnalysis<IpScan_ipScanAnalysis_t, IpScan_ipScanAnalysis_t>(packet_t*, IpScan_ipScanAnalysis_t*, IpScan_ipScanAnalysis_t*, analysisState_t, int*, char*, int*, int*, int*, int*, int*, int, int)",1,"atomic_transactions_per_request","Atomic Transactions Per Request",0.000000,0.000000,0.000000
"Tesla K80 (0)","void IpScan_KernelAnalysis<IpScan_ipScanAnalysis_t, IpScan_ipScanAnalysis_t>(packet_t*, IpScan_ipScanAnalysis_t*, IpScan_ipScanAnalysis_t*, analysisState_t, int*, char*, int*, int*, int*, int*, int*, int, int)",1,"l2_l1_read_transactions","L2 Read Transactions (L1 read requests)",37802,37802,37802
"Tesla K80 (0)","void IpScan_KernelAnalysis<IpScan_ipScanAnalysis_t, IpScan_ipScanAnalysis_t>(packet_t*, IpScan_ipScanAnalysis_t*, IpScan_ipScanAnalysis_t*, analysisState_t, int*, char*, int*, int*, int*, int*, int*, int, int)",1,"l2_l1_write_transactions","L2 Write Transactions (L1 write requests)",442508,442508,442508
"Tesla K80 (0)","void IpScan_KernelAnalysis<IpScan_ipScanAnalysis_t, IpScan_ipScanAnalysis_t>(packet_t*, IpScan_ipScanAnalysis_t*, IpScan_ipScanAnalysis_t*, analysisState_t, int*, char*, int*, int*, int*, int*, int*, int, int)",1,"l2_tex_read_transactions","L2 Transactions (Texture Reads)",0,0,0
"Tesla K80 (0)","void IpScan_KernelAnalysis<IpScan_ipScanAnalysis_t, IpScan_ipScanAnalysis_t>(packet_t*, IpScan_ipScanAnalysis_t*, IpScan_ipScanAnalysis_t*, analysisState_t, int*, char*, int*, int*, int*, int*, int*, int, int)",1,"l2_l1_write_throughput","L2 Throughput (L1 Writes)",69.552060GB/s,69.552060GB/s,69.552060GB/s
"Tesla K80 (0)","void IpScan_KernelAnalysis<IpScan_ipScanAnalysis_t, IpScan_ipScanAnalysis_t>(packet_t*, IpScan_ipScanAnalysis_t*, IpScan_ipScanAnalysis_t*, analysisState_t, int*, char*, int*, int*, int*, int*, int*, int, int)",1,"l2_atomic_transactions","L2 Transactions (Atomic requests)",0,0,0
"Tesla K80 (0)","void IpScan_KernelAnalysis<IpScan_ipScanAnalysis_t, IpScan_ipScanAnalysis_t>(packet_t*, IpScan_ipScanAnalysis_t*, IpScan_ipScanAnalysis_t*, analysisState_t, int*, char*, int*, int*, int*, int*, int*, int, int)",1,"ecc_transactions","ECC Transactions",280036,280036,280036
"Tesla K80 (0)","void IpScan_KernelAnalysis<IpScan_ipScanAnalysis_t, IpScan_ipScanAnalysis_t>(packet_t*, IpScan_ipScanAnalysis_t*, IpScan_ipScanAnalysis_t*, analysisState_t, int*, char*, int*, int*, int*, int*, int*, int, int)",1,"ecc_throughput","ECC Throughput",44.015206GB/s,44.015206GB/s,44.015206GB/s
"Tesla K80 (0)","void IpScan_KernelAnalysis<IpScan_ipScanAnalysis_t, IpScan_ipScanAnalysis_t>(packet_t*, IpScan_ipScanAnalysis_t*, IpScan_ipScanAnalysis_t*, analysisState_t, int*, char*, int*, int*, int*, int*, int*, int, int)",1,"stall_pipe_busy","Issue Stall Reasons (Pipe Busy)",12.345511%,12.345511%,12.345511%
"Tesla K80 (0)","void IpScan_KernelAnalysis<IpScan_ipScanAnalysis_t, IpScan_ipScanAnalysis_t>(packet_t*, IpScan_ipScanAnalysis_t*, IpScan_ipScanAnalysis_t*, analysisState_t, int*, char*, int*, int*, int*, int*, int*, int, int)",1,"stall_constant_memory_dependency","Issue Stall Reasons (Immediate constant)",0.420144%,0.420144%,0.420144%
"Tesla K80 (0)","void IpScan_KernelAnalysis<IpScan_ipScanAnalysis_t, IpScan_ipScanAnalysis_t>(packet_t*, IpScan_ipScanAnalysis_t*, IpScan_ipScanAnalysis_t*, analysisState_t, int*, char*, int*, int*, int*, int*, int*, int, int)",1,"flop_sp_efficiency","FLOP Efficiency(Peak Single)",0.000000%,0.000000%,0.000000%
"Tesla K80 (0)","void IpScan_KernelAnalysis<IpScan_ipScanAnalysis_t, IpScan_ipScanAnalysis_t>(packet_t*, IpScan_ipScanAnalysis_t*, IpScan_ipScanAnalysis_t*, analysisState_t, int*, char*, int*, int*, int*, int*, int*, int, int)",1,"flop_dp_efficiency","FLOP Efficiency(Peak Double)",0.000000%,0.000000%,0.000000%
"Tesla K80 (0)","void IpScan_KernelAnalysis<IpScan_ipScanAnalysis_t, IpScan_ipScanAnalysis_t>(packet_t*, IpScan_ipScanAnalysis_t*, IpScan_ipScanAnalysis_t*, analysisState_t, int*, char*, int*, int*, int*, int*, int*, int, int)",1,"stall_memory_throttle","Issue Stall Reasons (Memory Throttle)",64.174946%,64.174946%,64.174946%
"Tesla K80 (0)","void IpScan_KernelAnalysis<IpScan_ipScanAnalysis_t, IpScan_ipScanAnalysis_t>(packet_t*, IpScan_ipScanAnalysis_t*, IpScan_ipScanAnalysis_t*, analysisState_t, int*, char*, int*, int*, int*, int*, int*, int, int)",1,"stall_not_selected","Issue Stall Reasons (Not Selected)",6.108739%,6.108739%,6.108739%
"Tesla K80 (0)","void IpScan_KernelAnalysis<IpScan_ipScanAnalysis_t, IpScan_ipScanAnalysis_t>(packet_t*, IpScan_ipScanAnalysis_t*, IpScan_ipScanAnalysis_t*, analysisState_t, int*, char*, int*, int*, int*, int*, int*, int, int)",1,"eligible_warps_per_cycle","Eligible Warps Per Active Cycle",3.032262,3.032262,3.032262
"Tesla K80 (0)","void IpScan_KernelAnalysis<IpScan_ipScanAnalysis_t, IpScan_ipScanAnalysis_t>(packet_t*, IpScan_ipScanAnalysis_t*, IpScan_ipScanAnalysis_t*, analysisState_t, int*, char*, int*, int*, int*, int*, int*, int, int)",1,"atomic_throughput","Atomic Throughput",0.000000B/s,0.000000B/s,0.000000B/s
